时间,成交价,价格变动,成交量,成交额,买卖盘性质,股票代码,采集时间
09:25:00,13.08,0.0,91929,120243132,卖盘,002825,2025-10-17 22:52:37
09:30:00,13.04,-0.04,19056,24723974,卖盘,002825,2025-10-17 22:52:37
09:30:03,13.0,-0.04,14509,18879793,中性盘,002825,2025-10-17 22:52:37
09:30:06,12.98,-0.02,4150,5387776,卖盘,002825,2025-10-17 22:52:37
09:30:09,12.89,-0.09,879,1133250,卖盘,002825,2025-10-17 22:52:37
09:30:12,12.85,-0.04,967,1241939,卖盘,002825,2025-10-17 22:52:37
09:30:15,12.83,-0.02,1034,1325743,中性盘,002825,2025-10-17 22:52:37
09:30:18,12.77,-0.06,844,1079320,卖盘,002825,2025-10-17 22:52:37
09:30:21,12.75,-0.02,627,798912,卖盘,002825,2025-10-17 22:52:37
09:30:24,12.75,0.0,1254,1598057,买盘,002825,2025-10-17 22:52:37
09:30:27,12.64,-0.11,2276,2885971,卖盘,002825,2025-10-17 22:52:37
09:30:30,12.61,-0.03,1265,1597368,卖盘,002825,2025-10-17 22:52:37
09:30:33,12.55,-0.06,3063,3854919,卖盘,002825,2025-10-17 22:52:37
09:30:36,12.53,-0.02,1614,2021550,卖盘,002825,2025-10-17 22:52:37
09:30:39,12.52,-0.01,1172,1466538,卖盘,002825,2025-10-17 22:52:37
09:30:42,12.5,-0.02,1504,1880054,卖盘,002825,2025-10-17 22:52:37
09:30:45,12.47,-0.03,1365,1702598,中性盘,002825,2025-10-17 22:52:37
09:30:48,12.46,-0.01,2107,2625026,卖盘,002825,2025-10-17 22:52:37
09:30:51,12.46,0.0,1569,1952501,买盘,002825,2025-10-17 22:52:37
09:30:54,12.45,-0.01,2289,2850182,买盘,002825,2025-10-17 22:52:37
09:30:57,12.46,0.01,1690,2104529,买盘,002825,2025-10-17 22:52:37
09:31:00,12.49,0.03,3571,4448515,买盘,002825,2025-10-17 22:52:37
09:31:03,12.53,0.04,3590,4481864,买盘,002825,2025-10-17 22:52:37
09:31:06,12.59,0.06,2051,2570806,买盘,002825,2025-10-17 22:52:37
09:31:09,12.6,0.01,1503,1890874,买盘,002825,2025-10-17 22:52:37
09:31:12,12.6,0.0,1256,1582338,买盘,002825,2025-10-17 22:52:37
09:31:15,12.64,0.04,2419,3052686,买盘,002825,2025-10-17 22:52:37
09:31:18,12.68,0.04,1545,1952926,买盘,002825,2025-10-17 22:52:37
09:31:21,12.64,-0.04,2072,2618077,卖盘,002825,2025-10-17 22:52:37
09:31:24,12.64,0.0,4078,5142983,买盘,002825,2025-10-17 22:52:37
09:31:27,12.63,-0.01,1530,1932884,卖盘,002825,2025-10-17 22:52:37
09:31:30,12.57,-0.06,1586,2002601,卖盘,002825,2025-10-17 22:52:37
09:31:33,12.57,0.0,2136,2693780,买盘,002825,2025-10-17 22:52:37
09:31:36,12.53,-0.04,1817,2279628,卖盘,002825,2025-10-17 22:52:37
09:31:39,12.57,0.04,2937,3685633,买盘,002825,2025-10-17 22:52:37
09:31:42,12.58,0.01,712,894687,买盘,002825,2025-10-17 22:52:37
09:31:45,12.53,-0.05,2314,2895333,卖盘,002825,2025-10-17 22:52:37
09:31:48,12.55,0.02,963,1207464,买盘,002825,2025-10-17 22:52:37
09:31:51,12.57,0.02,685,859712,买盘,002825,2025-10-17 22:52:37
09:31:54,12.57,0.0,605,759743,买盘,002825,2025-10-17 22:52:37
09:31:57,12.58,0.01,675,848179,买盘,002825,2025-10-17 22:52:37
09:32:00,12.59,0.01,1708,2147127,买盘,002825,2025-10-17 22:52:37
09:32:03,12.59,0.0,1170,1471753,买盘,002825,2025-10-17 22:52:37
09:32:06,12.59,0.0,1640,2062515,买盘,002825,2025-10-17 22:52:37
09:32:09,12.57,-0.02,1859,2337634,中性盘,002825,2025-10-17 22:52:37
09:32:12,12.58,0.01,822,1033441,买盘,002825,2025-10-17 22:52:37
09:32:15,12.58,0.0,1007,1264284,买盘,002825,2025-10-17 22:52:37
09:32:18,12.58,0.0,1193,1498572,买盘,002825,2025-10-17 22:52:37
09:32:21,12.58,0.0,1050,1321721,卖盘,002825,2025-10-17 22:52:37
09:32:24,12.58,0.0,1098,1382099,卖盘,002825,2025-10-17 22:52:37
09:32:27,12.59,0.01,545,686488,买盘,002825,2025-10-17 22:52:37
09:32:30,12.58,-0.01,1608,2022378,卖盘,002825,2025-10-17 22:52:37
09:32:33,12.58,0.0,359,451354,买盘,002825,2025-10-17 22:52:37
09:32:36,12.56,-0.02,534,671502,中性盘,002825,2025-10-17 22:52:37
09:32:39,12.55,-0.01,662,831573,卖盘,002825,2025-10-17 22:52:37
09:32:42,12.53,-0.02,1404,1761080,卖盘,002825,2025-10-17 22:52:37
09:32:45,12.55,0.02,1083,1359095,买盘,002825,2025-10-17 22:52:37
09:32:48,12.53,-0.02,334,418615,中性盘,002825,2025-10-17 22:52:37
09:32:51,12.55,0.02,1439,1799869,买盘,002825,2025-10-17 22:52:37
09:32:54,12.52,-0.03,205,256726,中性盘,002825,2025-10-17 22:52:37
09:32:57,12.52,0.0,349,437125,买盘,002825,2025-10-17 22:52:37
09:33:00,12.52,0.0,542,678442,买盘,002825,2025-10-17 22:52:37
09:33:03,12.51,-0.01,665,831869,卖盘,002825,2025-10-17 22:52:37
09:33:06,12.49,-0.02,871,1087434,卖盘,002825,2025-10-17 22:52:37
09:33:09,12.46,-0.03,782,975979,卖盘,002825,2025-10-17 22:52:37
09:33:12,12.45,-0.01,459,571892,卖盘,002825,2025-10-17 22:52:37
09:33:15,12.42,-0.03,386,480517,卖盘,002825,2025-10-17 22:52:37
09:33:18,12.42,0.0,269,333962,卖盘,002825,2025-10-17 22:52:37
09:33:21,12.41,-0.01,297,368644,卖盘,002825,2025-10-17 22:52:37
09:33:24,12.4,-0.01,323,400733,卖盘,002825,2025-10-17 22:52:37
09:33:27,12.39,-0.01,618,766361,卖盘,002825,2025-10-17 22:52:37
09:33:30,12.38,-0.01,649,803702,卖盘,002825,2025-10-17 22:52:37
09:33:33,12.32,-0.06,862,1065448,卖盘,002825,2025-10-17 22:52:37
09:33:36,12.31,-0.01,421,518565,卖盘,002825,2025-10-17 22:52:37
09:33:39,12.44,0.13,6668,8264839,买盘,002825,2025-10-17 22:52:37
09:33:42,12.49,0.05,2084,2597006,买盘,002825,2025-10-17 22:52:37
09:33:45,12.59,0.1,4123,5171027,买盘,002825,2025-10-17 22:52:37
09:33:48,12.6,0.01,585,737111,买盘,002825,2025-10-17 22:52:37
09:33:51,12.59,-0.01,578,727688,卖盘,002825,2025-10-17 22:52:37
09:33:54,12.6,0.01,946,1192204,买盘,002825,2025-10-17 22:52:37
09:33:57,12.61,0.01,611,770300,买盘,002825,2025-10-17 22:52:37
09:34:00,12.63,0.02,580,732351,买盘,002825,2025-10-17 22:52:37
09:34:03,12.62,-0.01,1477,1863207,卖盘,002825,2025-10-17 22:52:37
09:34:06,12.63,0.01,1823,2300454,买盘,002825,2025-10-17 22:52:37
09:34:09,12.6,-0.03,1113,1403131,中性盘,002825,2025-10-17 22:52:37
09:34:12,12.6,0.0,822,1035850,买盘,002825,2025-10-17 22:52:37
09:34:15,12.58,-0.02,567,712354,卖盘,002825,2025-10-17 22:52:37
09:34:18,12.57,-0.01,244,306632,中性盘,002825,2025-10-17 22:52:37
09:34:21,12.55,-0.02,404,506129,中性盘,002825,2025-10-17 22:52:37
09:34:24,12.52,-0.03,259,324708,中性盘,002825,2025-10-17 22:52:37
09:34:27,12.48,-0.04,393,491013,卖盘,002825,2025-10-17 22:52:37
09:34:30,12.5,0.02,290,362299,买盘,002825,2025-10-17 22:52:37
09:34:33,12.48,-0.02,289,360806,卖盘,002825,2025-10-17 22:52:37
09:34:36,12.5,0.02,714,891450,买盘,002825,2025-10-17 22:52:37
09:34:39,12.48,-0.02,317,395679,中性盘,002825,2025-10-17 22:52:37
09:34:42,12.49,0.01,406,506749,中性盘,002825,2025-10-17 22:52:37
09:34:45,12.49,0.0,517,645448,买盘,002825,2025-10-17 22:52:37
09:34:48,12.47,-0.02,1208,1506610,卖盘,002825,2025-10-17 22:52:37
09:34:51,12.47,0.0,305,380291,买盘,002825,2025-10-17 22:52:37
09:34:54,12.49,0.02,579,722732,买盘,002825,2025-10-17 22:52:37
09:34:57,12.47,-0.02,147,183324,卖盘,002825,2025-10-17 22:52:37
09:35:00,12.48,0.01,808,1008942,中性盘,002825,2025-10-17 22:52:37
09:35:03,12.47,-0.01,295,368011,卖盘,002825,2025-10-17 22:52:37
09:35:06,12.48,0.01,528,659163,中性盘,002825,2025-10-17 22:52:37
09:35:09,12.48,0.0,620,774244,买盘,002825,2025-10-17 22:52:37
09:35:12,12.48,0.0,421,525657,卖盘,002825,2025-10-17 22:52:37
09:35:15,12.49,0.01,595,743215,中性盘,002825,2025-10-17 22:52:37
09:35:18,12.48,-0.01,757,944608,卖盘,002825,2025-10-17 22:52:37
09:35:21,12.48,0.0,490,611342,买盘,002825,2025-10-17 22:52:37
09:35:24,12.45,-0.03,624,776987,卖盘,002825,2025-10-17 22:52:37
09:35:27,12.46,0.01,535,666112,买盘,002825,2025-10-17 22:52:37
09:35:30,12.46,0.0,215,267469,买盘,002825,2025-10-17 22:52:37
09:35:33,12.45,-0.01,443,551576,中性盘,002825,2025-10-17 22:52:37
09:35:36,12.44,-0.01,552,685503,中性盘,002825,2025-10-17 22:52:37
09:35:39,12.42,-0.02,810,1005367,卖盘,002825,2025-10-17 22:52:37
09:35:42,12.43,0.01,221,274303,买盘,002825,2025-10-17 22:52:37
09:35:45,12.4,-0.03,209,259579,卖盘,002825,2025-10-17 22:52:37
09:35:48,12.4,0.0,205,254031,卖盘,002825,2025-10-17 22:52:37
09:35:51,12.38,-0.02,495,613426,卖盘,002825,2025-10-17 22:52:37
09:35:54,12.38,0.0,408,505440,买盘,002825,2025-10-17 22:52:37
09:35:57,12.36,-0.02,564,697096,卖盘,002825,2025-10-17 22:52:37
09:36:00,12.38,0.02,807,998059,买盘,002825,2025-10-17 22:52:37
09:36:03,12.47,0.09,6819,8499535,买盘,002825,2025-10-17 22:52:37
09:36:06,12.47,0.0,562,702255,卖盘,002825,2025-10-17 22:52:37
09:36:09,12.52,0.05,294,366900,买盘,002825,2025-10-17 22:52:37
09:36:12,12.51,-0.01,1006,1259235,中性盘,002825,2025-10-17 22:52:37
09:36:15,12.53,0.02,707,883108,买盘,002825,2025-10-17 22:52:37
09:36:18,12.53,0.0,1401,1754764,中性盘,002825,2025-10-17 22:52:37
09:36:21,12.54,0.01,1055,1322774,买盘,002825,2025-10-17 22:52:37
09:36:24,12.56,0.02,795,997203,买盘,002825,2025-10-17 22:52:37
09:36:27,12.54,-0.02,736,922765,卖盘,002825,2025-10-17 22:52:37
09:36:30,12.53,-0.01,726,909604,中性盘,002825,2025-10-17 22:52:37
09:36:33,12.53,0.0,462,578984,卖盘,002825,2025-10-17 22:52:37
09:36:36,12.52,-0.01,587,734280,中性盘,002825,2025-10-17 22:52:37
09:36:39,12.45,-0.07,727,907712,卖盘,002825,2025-10-17 22:52:37
09:36:42,12.45,0.0,508,632346,卖盘,002825,2025-10-17 22:52:37
09:36:45,12.45,0.0,227,282613,买盘,002825,2025-10-17 22:52:37
09:36:48,12.46,0.01,538,670104,买盘,002825,2025-10-17 22:52:37
09:36:51,12.46,0.0,338,420663,买盘,002825,2025-10-17 22:52:37
09:36:54,12.47,0.01,96,119557,中性盘,002825,2025-10-17 22:52:37
09:36:57,12.48,0.01,103,128533,中性盘,002825,2025-10-17 22:52:37
09:37:00,12.49,0.01,212,264812,买盘,002825,2025-10-17 22:52:37
09:37:03,12.46,-0.03,1077,1341179,卖盘,002825,2025-10-17 22:52:37
09:37:06,12.45,-0.01,1269,1582844,中性盘,002825,2025-10-17 22:52:37
09:37:09,12.46,0.01,109,135835,买盘,002825,2025-10-17 22:52:37
09:37:12,12.47,0.01,264,329084,买盘,002825,2025-10-17 22:52:37
09:37:15,12.47,0.0,218,272089,买盘,002825,2025-10-17 22:52:37
09:37:18,12.46,-0.01,874,1089757,卖盘,002825,2025-10-17 22:52:37
09:37:21,12.47,0.01,773,964046,买盘,002825,2025-10-17 22:52:37
09:37:24,12.47,0.0,219,273052,卖盘,002825,2025-10-17 22:52:37
09:37:27,12.46,-0.01,261,325144,卖盘,002825,2025-10-17 22:52:37
09:37:30,12.44,-0.02,994,1237019,卖盘,002825,2025-10-17 22:52:37
09:37:33,12.42,-0.02,979,1216304,卖盘,002825,2025-10-17 22:52:37
09:37:36,12.41,-0.01,1282,1591790,卖盘,002825,2025-10-17 22:52:37
09:37:39,12.41,0.0,310,384616,买盘,002825,2025-10-17 22:52:37
09:37:42,12.41,0.0,254,315324,买盘,002825,2025-10-17 22:52:37
09:37:45,12.4,-0.01,200,248043,卖盘,002825,2025-10-17 22:52:37
09:37:48,12.4,0.0,334,414181,卖盘,002825,2025-10-17 22:52:37
09:37:51,12.4,0.0,668,828454,买盘,002825,2025-10-17 22:52:37
09:37:54,12.4,0.0,236,292638,买盘,002825,2025-10-17 22:52:37
09:37:57,12.41,0.01,484,600317,买盘,002825,2025-10-17 22:52:37
09:38:00,12.42,0.01,3032,3769976,买盘,002825,2025-10-17 22:52:37
09:38:03,12.48,0.06,3318,4141146,买盘,002825,2025-10-17 22:52:37
09:38:06,12.49,0.01,689,860862,中性盘,002825,2025-10-17 22:52:37
09:38:09,12.46,-0.03,386,482085,卖盘,002825,2025-10-17 22:52:37
09:38:12,12.49,0.03,275,343372,买盘,002825,2025-10-17 22:52:37
09:38:15,12.49,0.0,170,212196,买盘,002825,2025-10-17 22:52:37
09:38:18,12.43,-0.06,441,550113,卖盘,002825,2025-10-17 22:52:37
09:38:21,12.45,0.02,134,167136,中性盘,002825,2025-10-17 22:52:37
09:38:24,12.46,0.01,1182,1474748,买盘,002825,2025-10-17 22:52:37
09:38:27,12.46,0.0,96,119790,中性盘,002825,2025-10-17 22:52:37
09:38:30,12.45,-0.01,255,317803,卖盘,002825,2025-10-17 22:52:37
09:38:33,12.46,0.01,719,896893,中性盘,002825,2025-10-17 22:52:37
09:38:36,12.48,0.02,409,509839,买盘,002825,2025-10-17 22:52:37
09:38:39,12.46,-0.02,689,859446,卖盘,002825,2025-10-17 22:52:37
09:38:42,12.46,0.0,237,295302,买盘,002825,2025-10-17 22:52:37
09:38:45,12.46,0.0,229,285287,买盘,002825,2025-10-17 22:52:37
09:38:48,12.48,0.02,1509,1883492,买盘,002825,2025-10-17 22:52:37
09:38:51,12.49,0.01,130,162212,买盘,002825,2025-10-17 22:52:37
09:38:54,12.49,0.0,200,249779,买盘,002825,2025-10-17 22:52:37
09:38:57,12.49,0.0,673,841117,卖盘,002825,2025-10-17 22:52:37
09:39:00,12.68,0.19,5285,6652432,买盘,002825,2025-10-17 22:52:37
09:39:03,12.82,0.14,3773,4807880,买盘,002825,2025-10-17 22:52:37
09:39:06,12.87,0.05,1091,1400155,买盘,002825,2025-10-17 22:52:37
09:39:09,12.88,0.01,1391,1792573,买盘,002825,2025-10-17 22:52:37
09:39:12,12.93,0.05,1044,1351046,买盘,002825,2025-10-17 22:52:37
09:39:15,12.97,0.04,2439,3157378,买盘,002825,2025-10-17 22:52:37
09:39:18,12.98,0.01,1226,1590767,买盘,002825,2025-10-17 22:52:37
09:39:21,13.01,0.03,3459,4490874,买盘,002825,2025-10-17 22:52:37
09:39:24,13.07,0.06,5414,7070131,买盘,002825,2025-10-17 22:52:37
09:39:27,13.08,0.01,21072,27554374,买盘,002825,2025-10-17 22:52:37
09:39:30,13.08,0.0,2426,3173718,卖盘,002825,2025-10-17 22:52:37
09:39:33,13.08,0.0,1353,1769554,卖盘,002825,2025-10-17 22:52:37
09:39:36,13.08,0.0,551,720446,卖盘,002825,2025-10-17 22:52:37
09:39:39,13.08,0.0,849,1110492,卖盘,002825,2025-10-17 22:52:37
09:39:42,13.08,0.0,828,1083024,卖盘,002825,2025-10-17 22:52:37
09:39:45,13.08,0.0,266,347928,卖盘,002825,2025-10-17 22:52:37
09:39:48,13.08,0.0,279,364932,卖盘,002825,2025-10-17 22:52:37
09:39:51,13.08,0.0,248,324384,卖盘,002825,2025-10-17 22:52:37
09:39:54,13.08,0.0,162,212131,卖盘,002825,2025-10-17 22:52:37
09:39:57,13.08,0.0,256,335293,卖盘,002825,2025-10-17 22:52:37
09:40:00,13.08,0.0,664,868512,卖盘,002825,2025-10-17 22:52:37
09:40:03,13.08,0.0,475,621300,卖盘,002825,2025-10-17 22:52:37
09:40:06,13.08,0.0,289,378012,卖盘,002825,2025-10-17 22:52:37
09:40:09,13.08,0.0,212,277296,卖盘,002825,2025-10-17 22:52:37
09:40:12,13.08,0.0,213,278604,卖盘,002825,2025-10-17 22:52:37
09:40:15,13.08,0.0,28,36624,卖盘,002825,2025-10-17 22:52:37
09:40:18,13.08,0.0,121,158778,卖盘,002825,2025-10-17 22:52:37
09:40:21,13.08,0.0,141,184428,卖盘,002825,2025-10-17 22:52:37
09:40:24,13.08,0.0,98,128184,卖盘,002825,2025-10-17 22:52:37
09:40:27,13.08,0.0,156,203786,卖盘,002825,2025-10-17 22:52:37
09:40:30,13.08,0.0,193,251921,卖盘,002825,2025-10-17 22:52:37
09:40:33,13.08,0.0,395,516032,卖盘,002825,2025-10-17 22:52:37
09:40:36,13.08,0.0,161,210575,卖盘,002825,2025-10-17 22:52:37
09:40:39,13.08,0.0,108,141264,卖盘,002825,2025-10-17 22:52:37
09:40:42,13.08,0.0,387,506196,卖盘,002825,2025-10-17 22:52:37
09:40:45,13.08,0.0,203,266126,卖盘,002825,2025-10-17 22:52:37
09:40:48,13.08,0.0,75,98100,卖盘,002825,2025-10-17 22:52:37
09:40:51,13.08,0.0,45,58860,卖盘,002825,2025-10-17 22:52:37
09:40:54,13.08,0.0,41,53628,卖盘,002825,2025-10-17 22:52:37
09:40:57,13.08,0.0,58,75864,卖盘,002825,2025-10-17 22:52:37
09:41:00,13.08,0.0,182,238056,卖盘,002825,2025-10-17 22:52:37
09:41:03,13.08,0.0,109,142572,卖盘,002825,2025-10-17 22:52:37
09:41:06,13.08,0.0,215,281220,卖盘,002825,2025-10-17 22:52:37
09:41:09,13.08,0.0,98,127818,卖盘,002825,2025-10-17 22:52:37
09:41:12,13.08,0.0,135,176580,卖盘,002825,2025-10-17 22:52:37
09:41:15,13.08,0.0,10,13080,卖盘,002825,2025-10-17 22:52:37
09:41:18,13.08,0.0,80,105163,卖盘,002825,2025-10-17 22:52:37
09:41:21,13.08,0.0,87,113796,卖盘,002825,2025-10-17 22:52:37
09:41:24,13.08,0.0,601,786108,卖盘,002825,2025-10-17 22:52:37
09:41:27,13.08,0.0,29,37932,卖盘,002825,2025-10-17 22:52:37
09:41:30,13.08,0.0,15,19620,卖盘,002825,2025-10-17 22:52:37
09:41:33,13.08,0.0,165,215820,卖盘,002825,2025-10-17 22:52:37
09:41:36,13.08,0.0,559,731159,卖盘,002825,2025-10-17 22:52:37
09:41:39,13.08,0.0,15,19620,卖盘,002825,2025-10-17 22:52:37
09:41:42,13.08,0.0,1,1308,卖盘,002825,2025-10-17 22:52:37
09:41:45,13.08,0.0,323,422484,卖盘,002825,2025-10-17 22:52:37
09:41:48,13.08,0.0,47,61476,卖盘,002825,2025-10-17 22:52:37
09:41:51,13.08,0.0,895,1170660,卖盘,002825,2025-10-17 22:52:37
09:41:54,13.08,0.0,23,30084,卖盘,002825,2025-10-17 22:52:37
09:41:57,13.08,0.0,245,320447,卖盘,002825,2025-10-17 22:52:37
09:42:00,13.08,0.0,113,147804,卖盘,002825,2025-10-17 22:52:37
09:42:03,13.08,0.0,48,62784,卖盘,002825,2025-10-17 22:52:37
09:42:06,13.08,0.0,35,45780,卖盘,002825,2025-10-17 22:52:37
09:42:09,13.08,0.0,138,180504,卖盘,002825,2025-10-17 22:52:37
09:42:12,13.08,0.0,45,58860,卖盘,002825,2025-10-17 22:52:37
09:42:15,13.08,0.0,122,159576,卖盘,002825,2025-10-17 22:52:37
09:42:18,13.08,0.0,54,70632,卖盘,002825,2025-10-17 22:52:37
09:42:21,13.08,0.0,93,121644,卖盘,002825,2025-10-17 22:52:37
09:42:24,13.08,0.0,5,6540,卖盘,002825,2025-10-17 22:52:37
09:42:27,13.08,0.0,25,33223,卖盘,002825,2025-10-17 22:52:37
09:42:30,13.08,0.0,102,133416,卖盘,002825,2025-10-17 22:52:37
09:42:33,13.08,0.0,17,22236,卖盘,002825,2025-10-17 22:52:37
09:42:36,13.08,0.0,96,125346,卖盘,002825,2025-10-17 22:52:37
09:42:39,13.08,0.0,180,235440,卖盘,002825,2025-10-17 22:52:37
09:42:42,13.08,0.0,1,1308,卖盘,002825,2025-10-17 22:52:37
09:42:45,13.08,0.0,90,117720,卖盘,002825,2025-10-17 22:52:37
09:42:48,13.08,0.0,57,74556,卖盘,002825,2025-10-17 22:52:37
09:42:51,13.08,0.0,10,13080,卖盘,002825,2025-10-17 22:52:37
09:42:54,13.08,0.0,75,98100,卖盘,002825,2025-10-17 22:52:37
09:43:00,13.08,0.0,11,14388,卖盘,002825,2025-10-17 22:52:37
09:43:03,13.08,0.0,43,56244,卖盘,002825,2025-10-17 22:52:37
09:43:06,13.08,0.0,13,17004,卖盘,002825,2025-10-17 22:52:37
09:43:09,13.08,0.0,61,79788,卖盘,002825,2025-10-17 22:52:37
09:43:15,13.08,0.0,85,111180,卖盘,002825,2025-10-17 22:52:37
09:43:18,13.08,0.0,10,13080,卖盘,002825,2025-10-17 22:52:37
09:43:21,13.08,0.0,49,64092,卖盘,002825,2025-10-17 22:52:37
09:43:24,13.08,0.0,10,13080,卖盘,002825,2025-10-17 22:52:37
09:43:27,13.08,0.0,360,470841,卖盘,002825,2025-10-17 22:52:37
09:43:30,13.08,0.0,31,40901,卖盘,002825,2025-10-17 22:52:37
09:43:36,13.08,0.0,49,64092,卖盘,002825,2025-10-17 22:52:37
09:43:39,13.08,0.0,35,45780,卖盘,002825,2025-10-17 22:52:37
09:43:42,13.08,0.0,121,158268,卖盘,002825,2025-10-17 22:52:37
09:43:45,13.08,0.0,10,13080,卖盘,002825,2025-10-17 22:52:37
09:43:51,13.08,0.0,1,1308,卖盘,002825,2025-10-17 22:52:37
09:43:54,13.08,0.0,9,11772,卖盘,002825,2025-10-17 22:52:37
09:43:57,13.08,0.0,52,68016,卖盘,002825,2025-10-17 22:52:37
09:44:00,13.08,0.0,20,26160,卖盘,002825,2025-10-17 22:52:37
09:44:03,13.08,0.0,64,83712,卖盘,002825,2025-10-17 22:52:37
09:44:06,13.08,0.0,82,106877,卖盘,002825,2025-10-17 22:52:37
09:44:12,13.08,0.0,153,200595,卖盘,002825,2025-10-17 22:52:37
09:44:15,13.08,0.0,10,13080,卖盘,002825,2025-10-17 22:52:37
09:44:18,13.08,0.0,48,62784,卖盘,002825,2025-10-17 22:52:37
09:44:24,13.08,0.0,2,2616,卖盘,002825,2025-10-17 22:52:37
09:44:27,13.08,0.0,5,6540,卖盘,002825,2025-10-17 22:52:37
09:44:30,13.08,0.0,348,455184,卖盘,002825,2025-10-17 22:52:37
09:44:33,13.08,0.0,37,48383,卖盘,002825,2025-10-17 22:52:37
09:44:36,13.08,0.0,8,10464,卖盘,002825,2025-10-17 22:52:37
09:44:39,13.08,0.0,112,146234,卖盘,002825,2025-10-17 22:52:37
09:44:42,13.08,0.0,142,185448,卖盘,002825,2025-10-17 22:52:37
09:44:45,13.08,0.0,12,15160,卖盘,002825,2025-10-17 22:52:37
09:44:48,13.08,0.0,33,43164,卖盘,002825,2025-10-17 22:52:37
09:44:51,13.08,0.0,167,218436,卖盘,002825,2025-10-17 22:52:37
09:44:54,13.08,0.0,5,6540,卖盘,002825,2025-10-17 22:52:37
09:44:57,13.08,0.0,183,239364,卖盘,002825,2025-10-17 22:52:37
09:45:00,13.08,0.0,10,13080,卖盘,002825,2025-10-17 22:52:37
09:45:03,13.08,0.0,229,299532,卖盘,002825,2025-10-17 22:52:37
09:45:06,13.08,0.0,24,31392,卖盘,002825,2025-10-17 22:52:37
09:45:09,13.08,0.0,1,1308,卖盘,002825,2025-10-17 22:52:37
09:45:12,13.08,0.0,6,7848,卖盘,002825,2025-10-17 22:52:37
09:45:15,13.08,0.0,200,261600,卖盘,002825,2025-10-17 22:52:37
09:45:18,13.08,0.0,2,2616,卖盘,002825,2025-10-17 22:52:37
09:45:21,13.08,0.0,115,150420,卖盘,002825,2025-10-17 22:52:37
09:45:24,13.08,0.0,9,11772,卖盘,002825,2025-10-17 22:52:37
09:45:27,13.08,0.0,5,6540,卖盘,002825,2025-10-17 22:52:37
09:45:30,13.08,0.0,34,44472,卖盘,002825,2025-10-17 22:52:37
09:45:33,13.08,0.0,8,10464,卖盘,002825,2025-10-17 22:52:37
09:45:36,13.08,0.0,4,5232,卖盘,002825,2025-10-17 22:52:37
09:45:39,13.08,0.0,118,154344,卖盘,002825,2025-10-17 22:52:37
09:45:42,13.08,0.0,6,7848,卖盘,002825,2025-10-17 22:52:37
09:45:45,13.08,0.0,52,68016,卖盘,002825,2025-10-17 22:52:37
09:45:48,13.08,0.0,72,94176,卖盘,002825,2025-10-17 22:52:37
09:45:54,13.08,0.0,122,159576,卖盘,002825,2025-10-17 22:52:37
09:45:57,13.08,0.0,13,17004,卖盘,002825,2025-10-17 22:52:37
09:46:03,13.08,0.0,103,134724,卖盘,002825,2025-10-17 22:52:37
09:46:06,13.08,0.0,2,2616,卖盘,002825,2025-10-17 22:52:37
09:46:09,13.08,0.0,1,1308,卖盘,002825,2025-10-17 22:52:37
09:46:12,13.08,0.0,5,6540,卖盘,002825,2025-10-17 22:52:37
09:46:15,13.08,0.0,10,13080,卖盘,002825,2025-10-17 22:52:37
09:46:18,13.08,0.0,90,117720,卖盘,002825,2025-10-17 22:52:37
09:46:21,13.08,0.0,108,141264,卖盘,002825,2025-10-17 22:52:37
09:46:24,13.08,0.0,114,149112,卖盘,002825,2025-10-17 22:52:37
09:46:27,13.08,0.0,149,194892,卖盘,002825,2025-10-17 22:52:37
09:46:33,13.08,0.0,31,40548,卖盘,002825,2025-10-17 22:52:37
09:46:36,13.08,0.0,18,23544,卖盘,002825,2025-10-17 22:52:37
09:46:39,13.08,0.0,15,19620,卖盘,002825,2025-10-17 22:52:37
09:46:45,13.08,0.0,91,119028,卖盘,002825,2025-10-17 22:52:37
09:46:48,13.08,0.0,22,28776,卖盘,002825,2025-10-17 22:52:37
09:46:51,13.08,0.0,63,82404,卖盘,002825,2025-10-17 22:52:37
09:46:54,13.08,0.0,115,150420,卖盘,002825,2025-10-17 22:52:37
09:46:57,13.08,0.0,3,3924,卖盘,002825,2025-10-17 22:52:37
09:47:00,13.08,0.0,85,111180,卖盘,002825,2025-10-17 22:52:37
09:47:09,13.08,0.0,48,62784,卖盘,002825,2025-10-17 22:52:37
09:47:12,13.08,0.0,62,81096,卖盘,002825,2025-10-17 22:52:37
09:47:15,13.08,0.0,55,71940,卖盘,002825,2025-10-17 22:52:37
09:47:18,13.08,0.0,500,654000,卖盘,002825,2025-10-17 22:52:37
09:47:24,13.08,0.0,7,9156,卖盘,002825,2025-10-17 22:52:37
09:47:27,13.08,0.0,5,6540,卖盘,002825,2025-10-17 22:52:37
09:47:30,13.08,0.0,45,58860,卖盘,002825,2025-10-17 22:52:37
09:47:36,13.08,0.0,1,1308,卖盘,002825,2025-10-17 22:52:37
09:47:42,13.08,0.0,154,201432,卖盘,002825,2025-10-17 22:52:37
09:47:45,13.08,0.0,13,16481,卖盘,002825,2025-10-17 22:52:37
09:47:54,13.08,0.0,44,57552,卖盘,002825,2025-10-17 22:52:37
09:47:57,13.08,0.0,76,99408,卖盘,002825,2025-10-17 22:52:37
09:48:00,13.08,0.0,1,1308,卖盘,002825,2025-10-17 22:52:37
09:48:03,13.08,0.0,5,6540,卖盘,002825,2025-10-17 22:52:37
09:48:06,13.08,0.0,47,61476,卖盘,002825,2025-10-17 22:52:37
09:48:09,13.08,0.0,5,6540,卖盘,002825,2025-10-17 22:52:37
09:48:12,13.08,0.0,5,6540,卖盘,002825,2025-10-17 22:52:37
09:48:15,13.08,0.0,20,26160,卖盘,002825,2025-10-17 22:52:37
09:48:18,13.08,0.0,109,142572,卖盘,002825,2025-10-17 22:52:37
09:48:21,13.08,0.0,8,10464,卖盘,002825,2025-10-17 22:52:37
09:48:27,13.08,0.0,16,20928,卖盘,002825,2025-10-17 22:52:37
09:48:30,13.08,0.0,1,1308,卖盘,002825,2025-10-17 22:52:37
09:48:36,13.08,0.0,50,65400,卖盘,002825,2025-10-17 22:52:37
09:48:39,13.08,0.0,1,1308,卖盘,002825,2025-10-17 22:52:37
09:48:42,13.08,0.0,120,156960,卖盘,002825,2025-10-17 22:52:37
09:48:45,13.08,0.0,10,13080,卖盘,002825,2025-10-17 22:52:37
09:48:48,13.08,0.0,3,3924,卖盘,002825,2025-10-17 22:52:37
09:48:51,13.08,0.0,10,13080,卖盘,002825,2025-10-17 22:52:37
09:48:54,13.08,0.0,39,51012,卖盘,002825,2025-10-17 22:52:37
09:48:57,13.08,0.0,16,20928,卖盘,002825,2025-10-17 22:52:37
09:49:03,13.08,0.0,8,10464,卖盘,002825,2025-10-17 22:52:37
09:49:06,13.08,0.0,8,10464,卖盘,002825,2025-10-17 22:52:37
09:49:09,13.08,0.0,109,142572,卖盘,002825,2025-10-17 22:52:37
09:49:12,13.08,0.0,11,14388,卖盘,002825,2025-10-17 22:52:37
09:49:15,13.08,0.0,8,10464,卖盘,002825,2025-10-17 22:52:37
09:49:18,13.08,0.0,20,26160,卖盘,002825,2025-10-17 22:52:37
09:49:21,13.08,0.0,10,13080,卖盘,002825,2025-10-17 22:52:37
09:49:24,13.08,0.0,24,31392,卖盘,002825,2025-10-17 22:52:37
09:49:27,13.08,0.0,39,51012,卖盘,002825,2025-10-17 22:52:37
09:49:30,13.08,0.0,796,1040933,卖盘,002825,2025-10-17 22:52:37
09:49:33,13.08,0.0,29,38455,卖盘,002825,2025-10-17 22:52:37
09:49:36,13.08,0.0,1,1308,卖盘,002825,2025-10-17 22:52:37
09:49:39,13.08,0.0,32,41856,卖盘,002825,2025-10-17 22:52:37
09:49:42,13.08,0.0,5,6540,卖盘,002825,2025-10-17 22:52:37
09:49:45,13.08,0.0,9,11772,卖盘,002825,2025-10-17 22:52:37
09:49:48,13.08,0.0,23,30084,卖盘,002825,2025-10-17 22:52:37
09:49:51,13.08,0.0,126,164808,卖盘,002825,2025-10-17 22:52:37
09:49:54,13.08,0.0,854,1117032,卖盘,002825,2025-10-17 22:52:37
09:50:00,13.08,0.0,13,17004,卖盘,002825,2025-10-17 22:52:37
09:50:03,13.08,0.0,62,81096,卖盘,002825,2025-10-17 22:52:37
09:50:06,13.08,0.0,1466,1917528,卖盘,002825,2025-10-17 22:52:37
09:50:09,13.08,0.0,5,6540,卖盘,002825,2025-10-17 22:52:37
09:50:12,13.08,0.0,114,149112,卖盘,002825,2025-10-17 22:52:37
09:50:15,13.08,0.0,31,40470,卖盘,002825,2025-10-17 22:52:37
09:50:18,13.08,0.0,6,7848,卖盘,002825,2025-10-17 22:52:37
09:50:21,13.08,0.0,15,19620,卖盘,002825,2025-10-17 22:52:37
09:50:27,13.08,0.0,35,45780,卖盘,002825,2025-10-17 22:52:37
09:50:30,13.08,0.0,16,20928,卖盘,002825,2025-10-17 22:52:37
09:50:33,13.08,0.0,15,19620,卖盘,002825,2025-10-17 22:52:37
09:50:36,13.08,0.0,3,3924,卖盘,002825,2025-10-17 22:52:37
09:50:39,13.08,0.0,8,10464,卖盘,002825,2025-10-17 22:52:37
09:50:42,13.08,0.0,85,111180,卖盘,002825,2025-10-17 22:52:37
09:50:45,13.08,0.0,827,1081716,卖盘,002825,2025-10-17 22:52:37
09:50:48,13.08,0.0,3,3924,卖盘,002825,2025-10-17 22:52:37
09:50:51,13.08,0.0,5,6540,卖盘,002825,2025-10-17 22:52:37
09:50:54,13.08,0.0,322,421084,卖盘,002825,2025-10-17 22:52:37
09:50:57,13.08,0.0,100,130800,卖盘,002825,2025-10-17 22:52:37
09:51:00,13.08,0.0,4,5232,卖盘,002825,2025-10-17 22:52:37
09:51:03,13.08,0.0,5,6540,卖盘,002825,2025-10-17 22:52:37
09:51:06,13.08,0.0,18,23544,卖盘,002825,2025-10-17 22:52:37
09:51:09,13.08,0.0,15,19620,卖盘,002825,2025-10-17 22:52:37
09:51:15,13.08,0.0,10,13080,卖盘,002825,2025-10-17 22:52:37
09:51:21,13.08,0.0,4,5232,卖盘,002825,2025-10-17 22:52:37
09:51:24,13.08,0.0,8,10647,卖盘,002825,2025-10-17 22:52:37
09:51:33,13.08,0.0,19,25153,卖盘,002825,2025-10-17 22:52:37
09:51:36,13.08,0.0,40,52320,卖盘,002825,2025-10-17 22:52:37
09:51:39,13.08,0.0,3,3924,卖盘,002825,2025-10-17 22:52:37
09:51:42,13.08,0.0,14,18312,卖盘,002825,2025-10-17 22:52:37
09:51:51,13.08,0.0,388,506863,卖盘,002825,2025-10-17 22:52:37
09:51:57,13.08,0.0,96,125568,卖盘,002825,2025-10-17 22:52:37
09:52:00,13.08,0.0,1,1308,卖盘,002825,2025-10-17 22:52:37
09:52:03,13.08,0.0,13,17004,卖盘,002825,2025-10-17 22:52:37
09:52:06,13.08,0.0,5,6540,卖盘,002825,2025-10-17 22:52:37
09:52:09,13.08,0.0,41,53628,卖盘,002825,2025-10-17 22:52:37
09:52:12,13.08,0.0,4,5232,卖盘,002825,2025-10-17 22:52:37
09:52:18,13.08,0.0,45,58860,卖盘,002825,2025-10-17 22:52:37
09:52:21,13.08,0.0,43,55969,卖盘,002825,2025-10-17 22:52:37
09:52:30,13.08,0.0,8,10464,卖盘,002825,2025-10-17 22:52:37
09:52:33,13.08,0.0,5,6540,卖盘,002825,2025-10-17 22:52:37
09:52:36,13.08,0.0,30,39240,卖盘,002825,2025-10-17 22:52:37
09:52:39,13.08,0.0,58,75864,卖盘,002825,2025-10-17 22:52:37
09:52:42,13.08,0.0,40,52320,卖盘,002825,2025-10-17 22:52:37
09:52:48,13.08,0.0,30,39240,卖盘,002825,2025-10-17 22:52:37
09:52:54,13.08,0.0,5,6540,卖盘,002825,2025-10-17 22:52:37
09:52:57,13.08,0.0,5,6540,卖盘,002825,2025-10-17 22:52:37
09:53:03,13.08,0.0,5,6540,卖盘,002825,2025-10-17 22:52:37
09:53:06,13.08,0.0,13,17004,卖盘,002825,2025-10-17 22:52:37
09:53:09,13.08,0.0,6,7848,卖盘,002825,2025-10-17 22:52:37
09:53:12,13.08,0.0,110,144508,卖盘,002825,2025-10-17 22:52:37
09:53:15,13.08,0.0,143,187240,卖盘,002825,2025-10-17 22:52:37
09:53:18,13.08,0.0,156,204048,卖盘,002825,2025-10-17 22:52:37
09:53:21,13.08,0.0,26,34008,卖盘,002825,2025-10-17 22:52:37
09:53:24,13.08,0.0,232,303456,卖盘,002825,2025-10-17 22:52:37
09:53:27,13.08,0.0,118,154344,卖盘,002825,2025-10-17 22:52:37
09:53:30,13.08,0.0,20,26055,卖盘,002825,2025-10-17 22:52:37
09:53:33,13.08,0.0,256,334848,卖盘,002825,2025-10-17 22:52:37
09:53:36,13.08,0.0,12,15696,卖盘,002825,2025-10-17 22:52:37
09:53:39,13.08,0.0,164,214512,卖盘,002825,2025-10-17 22:52:37
09:53:42,13.08,0.0,66,86328,卖盘,002825,2025-10-17 22:52:37
09:53:45,13.08,0.0,51,66708,卖盘,002825,2025-10-17 22:52:37
09:53:48,13.08,0.0,14,18312,卖盘,002825,2025-10-17 22:52:37
09:53:51,13.08,0.0,10,13080,卖盘,002825,2025-10-17 22:52:37
09:53:54,13.08,0.0,239,312612,卖盘,002825,2025-10-17 22:52:37
09:53:57,13.08,0.0,20,26160,卖盘,002825,2025-10-17 22:52:37
09:54:00,13.08,0.0,18,23544,卖盘,002825,2025-10-17 22:52:37
09:54:06,13.08,0.0,16,20928,卖盘,002825,2025-10-17 22:52:37
09:54:09,13.08,0.0,29,37932,卖盘,002825,2025-10-17 22:52:37
09:54:12,13.08,0.0,7,9156,卖盘,002825,2025-10-17 22:52:37
09:54:15,13.08,0.0,30,39240,卖盘,002825,2025-10-17 22:52:37
09:54:18,13.08,0.0,45,58860,卖盘,002825,2025-10-17 22:52:37
09:54:21,13.08,0.0,5,6540,卖盘,002825,2025-10-17 22:52:37
09:54:24,13.08,0.0,10,13080,卖盘,002825,2025-10-17 22:52:37
09:54:27,13.08,0.0,20,26160,卖盘,002825,2025-10-17 22:52:37
09:54:30,13.08,0.0,30,39240,卖盘,002825,2025-10-17 22:52:37
09:54:33,13.08,0.0,3,3924,卖盘,002825,2025-10-17 22:52:37
09:54:36,13.08,0.0,73,95484,卖盘,002825,2025-10-17 22:52:37
09:54:39,13.08,0.0,103,134724,卖盘,002825,2025-10-17 22:52:37
09:54:42,13.08,0.0,34,44472,卖盘,002825,2025-10-17 22:52:37
09:54:45,13.08,0.0,1,1308,卖盘,002825,2025-10-17 22:52:37
09:54:48,13.08,0.0,11,14388,卖盘,002825,2025-10-17 22:52:37
09:54:51,13.08,0.0,12,15696,卖盘,002825,2025-10-17 22:52:37
09:54:54,13.08,0.0,41,53628,卖盘,002825,2025-10-17 22:52:37
09:54:57,13.08,0.0,45,58860,卖盘,002825,2025-10-17 22:52:37
09:55:00,13.08,0.0,30,39240,卖盘,002825,2025-10-17 22:52:37
09:55:03,13.08,0.0,30,39240,卖盘,002825,2025-10-17 22:52:37
09:55:06,13.08,0.0,213,278604,卖盘,002825,2025-10-17 22:52:37
09:55:09,13.08,0.0,20,26160,卖盘,002825,2025-10-17 22:52:37
09:55:12,13.08,0.0,22,28776,卖盘,002825,2025-10-17 22:52:37
09:55:18,13.08,0.0,15,19620,卖盘,002825,2025-10-17 22:52:37
09:55:21,13.08,0.0,64,83712,卖盘,002825,2025-10-17 22:52:37
09:55:24,13.08,0.0,7,9156,卖盘,002825,2025-10-17 22:52:37
09:55:27,13.08,0.0,6,7848,卖盘,002825,2025-10-17 22:52:37
09:55:30,13.08,0.0,9,11772,卖盘,002825,2025-10-17 22:52:37
09:55:33,13.08,0.0,5,6540,卖盘,002825,2025-10-17 22:52:37
09:55:42,13.08,0.0,505,660540,卖盘,002825,2025-10-17 22:52:37
09:55:45,13.08,0.0,1,1308,卖盘,002825,2025-10-17 22:52:37
09:55:54,13.08,0.0,53,69324,卖盘,002825,2025-10-17 22:52:37
09:56:00,13.08,0.0,15,19620,卖盘,002825,2025-10-17 22:52:37
09:56:03,13.08,0.0,191,249802,卖盘,002825,2025-10-17 22:52:37
09:56:09,13.08,0.0,22,28776,卖盘,002825,2025-10-17 22:52:37
09:56:12,13.08,0.0,25,32949,卖盘,002825,2025-10-17 22:52:37
09:56:15,13.08,0.0,40,52320,卖盘,002825,2025-10-17 22:52:37
09:56:18,13.08,0.0,15,19620,卖盘,002825,2025-10-17 22:52:37
09:56:21,13.08,0.0,198,258984,卖盘,002825,2025-10-17 22:52:37
09:56:24,13.08,0.0,10,13080,卖盘,002825,2025-10-17 22:52:37
09:56:27,13.08,0.0,173,226284,卖盘,002825,2025-10-17 22:52:37
09:56:30,13.08,0.0,13,17004,卖盘,002825,2025-10-17 22:52:37
09:56:33,13.08,0.0,66,86328,卖盘,002825,2025-10-17 22:52:37
09:56:36,13.08,0.0,112,146496,卖盘,002825,2025-10-17 22:52:37
09:56:39,13.08,0.0,4,5232,卖盘,002825,2025-10-17 22:52:37
09:56:42,13.08,0.0,40,52320,卖盘,002825,2025-10-17 22:52:37
09:56:45,13.08,0.0,269,351852,卖盘,002825,2025-10-17 22:52:37
09:56:48,13.08,0.0,574,750792,卖盘,002825,2025-10-17 22:52:37
09:56:51,13.08,0.0,54,71234,卖盘,002825,2025-10-17 22:52:37
09:56:54,13.08,0.0,193,252444,卖盘,002825,2025-10-17 22:52:37
09:56:57,13.08,0.0,165,215820,卖盘,002825,2025-10-17 22:52:37
09:57:00,13.08,0.0,30,39240,卖盘,002825,2025-10-17 22:52:37
09:57:03,13.08,0.0,14,18312,卖盘,002825,2025-10-17 22:52:37
09:57:06,13.08,0.0,40,52320,卖盘,002825,2025-10-17 22:52:37
09:57:09,13.08,0.0,42,54936,卖盘,002825,2025-10-17 22:52:37
09:57:12,13.08,0.0,5,6540,卖盘,002825,2025-10-17 22:52:37
09:57:18,13.08,0.0,53,69219,卖盘,002825,2025-10-17 22:52:37
09:57:21,13.08,0.0,309,404172,卖盘,002825,2025-10-17 22:52:37
09:57:24,13.08,0.0,35,45780,卖盘,002825,2025-10-17 22:52:37
09:57:27,13.08,0.0,61,79788,卖盘,002825,2025-10-17 22:52:37
09:57:30,13.08,0.0,71,92842,卖盘,002825,2025-10-17 22:52:37
09:57:36,13.08,0.0,30,39240,卖盘,002825,2025-10-17 22:52:37
09:57:45,13.08,0.0,1,1308,卖盘,002825,2025-10-17 22:52:37
09:57:48,13.08,0.0,87,113796,卖盘,002825,2025-10-17 22:52:37
09:57:51,13.08,0.0,33,43164,卖盘,002825,2025-10-17 22:52:37
09:57:57,13.08,0.0,2,2616,卖盘,002825,2025-10-17 22:52:37
09:58:00,13.08,0.0,15,19620,卖盘,002825,2025-10-17 22:52:37
09:58:03,13.08,0.0,26,34008,卖盘,002825,2025-10-17 22:52:37
09:58:06,13.08,0.0,17,22236,卖盘,002825,2025-10-17 22:52:37
09:58:09,13.08,0.0,287,375396,卖盘,002825,2025-10-17 22:52:37
09:58:15,13.08,0.0,48,62784,卖盘,002825,2025-10-17 22:52:37
09:58:18,13.08,0.0,34,44472,卖盘,002825,2025-10-17 22:52:37
09:58:21,13.08,0.0,418,546744,卖盘,002825,2025-10-17 22:52:37
09:58:24,13.08,0.0,54,70632,卖盘,002825,2025-10-17 22:52:37
09:58:30,13.08,0.0,33,43164,卖盘,002825,2025-10-17 22:52:37
09:58:33,13.08,0.0,214,279912,卖盘,002825,2025-10-17 22:52:37
09:58:36,13.08,0.0,42,54936,卖盘,002825,2025-10-17 22:52:37
09:58:42,13.08,0.0,90,117720,卖盘,002825,2025-10-17 22:52:37
09:58:45,13.08,0.0,5,6540,卖盘,002825,2025-10-17 22:52:37
09:58:51,13.08,0.0,39,50999,卖盘,002825,2025-10-17 22:52:37
09:58:54,13.08,0.0,1,1308,卖盘,002825,2025-10-17 22:52:37
09:58:57,13.08,0.0,17,22236,卖盘,002825,2025-10-17 22:52:37
09:59:00,13.08,0.0,104,136673,卖盘,002825,2025-10-17 22:52:37
09:59:06,13.08,0.0,17,22236,卖盘,002825,2025-10-17 22:52:37
09:59:09,13.08,0.0,3,3924,卖盘,002825,2025-10-17 22:52:37
09:59:12,13.08,0.0,6,7848,卖盘,002825,2025-10-17 22:52:37
09:59:15,13.08,0.0,5,6540,卖盘,002825,2025-10-17 22:52:37
09:59:18,13.08,0.0,10,13080,卖盘,002825,2025-10-17 22:52:37
09:59:21,13.08,0.0,140,183120,卖盘,002825,2025-10-17 22:52:37
09:59:24,13.08,0.0,20,26160,卖盘,002825,2025-10-17 22:52:37
09:59:30,13.08,0.0,5,6540,卖盘,002825,2025-10-17 22:52:37
09:59:33,13.08,0.0,17,22236,卖盘,002825,2025-10-17 22:52:37
09:59:36,13.08,0.0,40,52320,卖盘,002825,2025-10-17 22:52:37
09:59:39,13.08,0.0,37,48396,卖盘,002825,2025-10-17 22:52:37
09:59:45,13.08,0.0,6,7848,卖盘,002825,2025-10-17 22:52:37
09:59:51,13.08,0.0,12,15696,卖盘,002825,2025-10-17 22:52:37
09:59:54,13.08,0.0,21,27468,卖盘,002825,2025-10-17 22:52:37
09:59:57,13.08,0.0,62,81096,卖盘,002825,2025-10-17 22:52:37
10:00:00,13.08,0.0,5,6540,卖盘,002825,2025-10-17 22:52:37
10:00:09,13.08,0.0,15,19620,卖盘,002825,2025-10-17 22:52:37
10:00:12,13.08,0.0,26,34008,卖盘,002825,2025-10-17 22:52:37
10:00:15,13.08,0.0,14,18312,卖盘,002825,2025-10-17 22:52:37
10:00:18,13.08,0.0,4,5232,卖盘,002825,2025-10-17 22:52:37
10:00:21,13.08,0.0,13,17004,卖盘,002825,2025-10-17 22:52:37
10:00:24,13.08,0.0,6,7848,卖盘,002825,2025-10-17 22:52:37
10:00:27,13.08,0.0,10,13080,卖盘,002825,2025-10-17 22:52:37
10:00:33,13.08,0.0,9,11249,卖盘,002825,2025-10-17 22:52:37
10:00:39,13.08,0.0,10,13080,卖盘,002825,2025-10-17 22:52:37
10:00:42,13.08,0.0,6,7848,卖盘,002825,2025-10-17 22:52:37
10:00:45,13.08,0.0,501,655308,卖盘,002825,2025-10-17 22:52:37
10:00:48,13.08,0.0,10,13080,卖盘,002825,2025-10-17 22:52:37
10:00:54,13.08,0.0,9,11772,卖盘,002825,2025-10-17 22:52:37
10:00:57,13.08,0.0,59,77434,卖盘,002825,2025-10-17 22:52:37
10:01:00,13.08,0.0,11,14388,卖盘,002825,2025-10-17 22:52:37
10:01:03,13.08,0.0,630,824040,卖盘,002825,2025-10-17 22:52:37
10:01:12,13.08,0.0,50,65400,卖盘,002825,2025-10-17 22:52:37
10:01:15,13.08,0.0,112,146496,卖盘,002825,2025-10-17 22:52:37
10:01:18,13.08,0.0,96,125568,卖盘,002825,2025-10-17 22:52:37
10:01:24,13.08,0.0,19,24852,卖盘,002825,2025-10-17 22:52:37
10:01:27,13.08,0.0,116,151715,卖盘,002825,2025-10-17 22:52:37
10:01:30,13.08,0.0,5,6540,卖盘,002825,2025-10-17 22:52:37
10:01:33,13.08,0.0,2,2616,卖盘,002825,2025-10-17 22:52:37
10:01:36,13.08,0.0,94,122952,卖盘,002825,2025-10-17 22:52:37
10:01:39,13.08,0.0,127,166116,卖盘,002825,2025-10-17 22:52:37
10:01:42,13.08,0.0,98,128184,卖盘,002825,2025-10-17 22:52:37
10:01:45,13.08,0.0,19,24852,卖盘,002825,2025-10-17 22:52:37
10:01:54,13.08,0.0,25,32700,卖盘,002825,2025-10-17 22:52:37
10:02:00,13.08,0.0,30,39240,卖盘,002825,2025-10-17 22:52:37
10:02:03,13.08,0.0,2,2616,卖盘,002825,2025-10-17 22:52:37
10:02:09,13.08,0.0,20,26160,卖盘,002825,2025-10-17 22:52:37
10:02:18,13.08,0.0,13,17004,卖盘,002825,2025-10-17 22:52:37
10:02:24,13.08,0.0,533,697164,卖盘,002825,2025-10-17 22:52:37
10:02:30,13.08,0.0,581,759948,卖盘,002825,2025-10-17 22:52:37
10:02:33,13.08,0.0,5,6540,卖盘,002825,2025-10-17 22:52:37
10:02:39,13.08,0.0,2,2616,卖盘,002825,2025-10-17 22:52:37
10:02:42,13.08,0.0,30,39240,卖盘,002825,2025-10-17 22:52:37
10:02:51,13.08,0.0,13,17004,卖盘,002825,2025-10-17 22:52:37
10:02:54,13.08,0.0,3,3924,卖盘,002825,2025-10-17 22:52:37
10:03:00,13.08,0.0,15,19515,卖盘,002825,2025-10-17 22:52:37
10:03:03,13.08,0.0,1,1308,卖盘,002825,2025-10-17 22:52:37
10:03:06,13.08,0.0,73,95484,卖盘,002825,2025-10-17 22:52:37
10:03:12,13.08,0.0,31,40548,卖盘,002825,2025-10-17 22:52:37
10:03:15,13.08,0.0,10,13080,卖盘,002825,2025-10-17 22:52:37
10:03:18,13.08,0.0,10,13080,卖盘,002825,2025-10-17 22:52:37
10:03:21,13.08,0.0,23,30084,卖盘,002825,2025-10-17 22:52:37
10:03:24,13.08,0.0,20,26160,卖盘,002825,2025-10-17 22:52:37
10:03:33,13.08,0.0,54,70632,卖盘,002825,2025-10-17 22:52:37
10:03:36,13.08,0.0,255,333540,卖盘,002825,2025-10-17 22:52:37
10:03:42,13.08,0.0,10,13080,卖盘,002825,2025-10-17 22:52:37
10:03:48,13.08,0.0,2,2616,卖盘,002825,2025-10-17 22:52:37
10:04:00,13.08,0.0,35,45780,卖盘,002825,2025-10-17 22:52:37
10:04:03,13.08,0.0,2,2616,卖盘,002825,2025-10-17 22:52:37
10:04:06,13.08,0.0,2,2616,卖盘,002825,2025-10-17 22:52:37
10:04:12,13.08,0.0,260,340080,卖盘,002825,2025-10-17 22:52:37
10:04:15,13.08,0.0,1,1308,卖盘,002825,2025-10-17 22:52:37
10:04:18,13.08,0.0,16,20928,卖盘,002825,2025-10-17 22:52:37
10:04:24,13.08,0.0,10,13080,卖盘,002825,2025-10-17 22:52:37
10:04:30,13.08,0.0,10,13080,卖盘,002825,2025-10-17 22:52:37
10:04:33,13.08,0.0,10,13080,卖盘,002825,2025-10-17 22:52:37
10:04:36,13.08,0.0,2,2354,卖盘,002825,2025-10-17 22:52:37
10:04:39,13.08,0.0,10,13080,卖盘,002825,2025-10-17 22:52:37
10:04:45,13.08,0.0,77,100716,卖盘,002825,2025-10-17 22:52:37
10:04:54,13.08,0.0,3,3584,卖盘,002825,2025-10-17 22:52:37
10:05:00,13.08,0.0,7,9156,卖盘,002825,2025-10-17 22:52:37
10:05:09,13.08,0.0,39,51012,卖盘,002825,2025-10-17 22:52:37
10:05:15,13.08,0.0,72,94176,卖盘,002825,2025-10-17 22:52:37
10:05:18,13.08,0.0,49,64092,卖盘,002825,2025-10-17 22:52:37
10:05:21,13.08,0.0,3,3924,卖盘,002825,2025-10-17 22:52:37
10:05:24,13.08,0.0,2,2616,卖盘,002825,2025-10-17 22:52:37
10:05:27,13.08,0.0,20,26160,卖盘,002825,2025-10-17 22:52:37
10:05:30,13.08,0.0,56,73248,卖盘,002825,2025-10-17 22:52:37
10:05:42,13.08,0.0,25,32700,卖盘,002825,2025-10-17 22:52:37
10:05:45,13.08,0.0,10,13080,卖盘,002825,2025-10-17 22:52:37
10:05:48,13.08,0.0,6,7848,卖盘,002825,2025-10-17 22:52:37
10:05:57,13.08,0.0,18,23544,卖盘,002825,2025-10-17 22:52:37
10:06:09,13.08,0.0,5,6540,卖盘,002825,2025-10-17 22:52:37
10:06:18,13.08,0.0,10,13080,卖盘,002825,2025-10-17 22:52:37
10:06:36,13.08,0.0,35,45780,卖盘,002825,2025-10-17 22:52:37
10:06:39,13.08,0.0,1,1308,卖盘,002825,2025-10-17 22:52:37
10:06:42,13.08,0.0,11,14388,卖盘,002825,2025-10-17 22:52:37
10:06:45,13.08,0.0,10,13080,卖盘,002825,2025-10-17 22:52:37
10:06:51,13.08,0.0,300,392400,卖盘,002825,2025-10-17 22:52:37
10:06:54,13.08,0.0,10,13080,卖盘,002825,2025-10-17 22:52:37
10:07:12,13.08,0.0,5,6540,卖盘,002825,2025-10-17 22:52:37
10:07:15,13.08,0.0,3,3924,卖盘,002825,2025-10-17 22:52:37
10:07:18,13.08,0.0,54,70632,卖盘,002825,2025-10-17 22:52:37
10:07:27,13.08,0.0,80,104640,卖盘,002825,2025-10-17 22:52:37
10:07:33,13.08,0.0,1,1308,卖盘,002825,2025-10-17 22:52:37
10:07:39,13.08,0.0,16,20928,卖盘,002825,2025-10-17 22:52:37
10:07:42,13.08,0.0,2,2616,卖盘,002825,2025-10-17 22:52:37
10:07:45,13.08,0.0,15,19620,卖盘,002825,2025-10-17 22:52:37
10:08:00,13.08,0.0,56,73235,卖盘,002825,2025-10-17 22:52:37
10:08:03,13.08,0.0,50,65400,卖盘,002825,2025-10-17 22:52:37
10:08:06,13.08,0.0,2,2616,卖盘,002825,2025-10-17 22:52:37
10:08:15,13.08,0.0,60,78480,卖盘,002825,2025-10-17 22:52:37
10:08:18,13.08,0.0,4,5232,卖盘,002825,2025-10-17 22:52:37
10:08:21,13.08,0.0,3,3924,卖盘,002825,2025-10-17 22:52:37
10:08:27,13.08,0.0,1,1308,卖盘,002825,2025-10-17 22:52:37
10:08:30,13.08,0.0,140,183081,卖盘,002825,2025-10-17 22:52:37
10:08:39,13.08,0.0,244,319152,卖盘,002825,2025-10-17 22:52:37
10:08:42,13.08,0.0,77,100716,卖盘,002825,2025-10-17 22:52:37
10:08:48,13.08,0.0,4,5232,卖盘,002825,2025-10-17 22:52:37
10:08:54,13.08,0.0,100,130800,卖盘,002825,2025-10-17 22:52:37
10:09:00,13.08,0.0,25,32700,卖盘,002825,2025-10-17 22:52:37
10:09:03,13.08,0.0,30,39240,卖盘,002825,2025-10-17 22:52:37
10:09:06,13.08,0.0,1,1831,卖盘,002825,2025-10-17 22:52:37
10:09:09,13.08,0.0,1,1308,卖盘,002825,2025-10-17 22:52:37
10:09:12,13.08,0.0,82,107256,卖盘,002825,2025-10-17 22:52:37
10:09:21,13.08,0.0,2,2616,卖盘,002825,2025-10-17 22:52:37
10:09:24,13.08,0.0,455,595140,卖盘,002825,2025-10-17 22:52:37
10:09:36,13.08,0.0,465,608534,卖盘,002825,2025-10-17 22:52:37
10:09:45,13.08,0.0,15,19620,卖盘,002825,2025-10-17 22:52:37
10:09:48,13.08,0.0,29,37932,卖盘,002825,2025-10-17 22:52:37
10:09:54,13.08,0.0,39,51012,卖盘,002825,2025-10-17 22:52:37
10:10:09,13.08,0.0,80,104640,卖盘,002825,2025-10-17 22:52:37
10:10:18,13.08,0.0,10,13080,卖盘,002825,2025-10-17 22:52:37
10:10:21,13.08,0.0,83,108564,卖盘,002825,2025-10-17 22:52:37
10:10:27,13.08,0.0,5,6540,卖盘,002825,2025-10-17 22:52:37
10:10:30,13.08,0.0,3,3924,卖盘,002825,2025-10-17 22:52:37
10:10:36,13.08,0.0,5,6540,卖盘,002825,2025-10-17 22:52:37
10:10:39,13.08,0.0,10,13080,卖盘,002825,2025-10-17 22:52:37
10:10:42,13.08,0.0,9,11772,卖盘,002825,2025-10-17 22:52:37
10:10:51,13.08,0.0,10,13080,卖盘,002825,2025-10-17 22:52:37
10:10:54,13.08,0.0,1,1308,卖盘,002825,2025-10-17 22:52:37
10:11:00,13.08,0.0,10,13080,卖盘,002825,2025-10-17 22:52:37
10:11:12,13.08,0.0,65,85020,卖盘,002825,2025-10-17 22:52:37
10:11:24,13.08,0.0,8,10464,卖盘,002825,2025-10-17 22:52:37
10:11:27,13.08,0.0,11,14388,卖盘,002825,2025-10-17 22:52:37
10:11:42,13.08,0.0,8,10464,卖盘,002825,2025-10-17 22:52:37
10:11:48,13.08,0.0,10,13080,卖盘,002825,2025-10-17 22:52:37
10:12:00,13.08,0.0,10,13080,卖盘,002825,2025-10-17 22:52:37
10:12:06,13.08,0.0,20,26160,卖盘,002825,2025-10-17 22:52:37
10:12:12,13.08,0.0,1,1308,卖盘,002825,2025-10-17 22:52:37
10:12:18,13.08,0.0,30,39240,卖盘,002825,2025-10-17 22:52:37
10:12:33,13.08,0.0,10,13080,卖盘,002825,2025-10-17 22:52:37
10:12:36,13.08,0.0,40,52320,卖盘,002825,2025-10-17 22:52:37
10:12:39,13.08,0.0,315,412020,卖盘,002825,2025-10-17 22:52:37
10:12:42,13.08,0.0,45,58860,卖盘,002825,2025-10-17 22:52:37
10:12:45,13.08,0.0,1,1308,卖盘,002825,2025-10-17 22:52:37
10:12:51,13.08,0.0,2,2616,卖盘,002825,2025-10-17 22:52:37
10:13:00,13.08,0.0,253,330924,卖盘,002825,2025-10-17 22:52:37
10:13:06,13.08,0.0,4,5232,卖盘,002825,2025-10-17 22:52:37
10:13:09,13.08,0.0,31,40548,卖盘,002825,2025-10-17 22:52:37
10:13:15,13.08,0.0,30,39240,卖盘,002825,2025-10-17 22:52:37
10:13:18,13.08,0.0,22,28776,卖盘,002825,2025-10-17 22:52:37
10:13:36,13.08,0.0,66,86328,卖盘,002825,2025-10-17 22:52:37
10:13:39,13.08,0.0,30,39240,卖盘,002825,2025-10-17 22:52:37
10:13:48,13.08,0.0,20,26160,卖盘,002825,2025-10-17 22:52:37
10:13:57,13.08,0.0,2,2616,卖盘,002825,2025-10-17 22:52:37
10:14:03,13.08,0.0,30,39240,卖盘,002825,2025-10-17 22:52:37
10:14:09,13.08,0.0,5,6540,卖盘,002825,2025-10-17 22:52:37
10:14:12,13.08,0.0,10,13080,卖盘,002825,2025-10-17 22:52:37
10:14:24,13.08,0.0,27,35316,卖盘,002825,2025-10-17 22:52:37
10:14:27,13.08,0.0,10,13080,卖盘,002825,2025-10-17 22:52:37
10:14:30,13.08,0.0,8,10464,卖盘,002825,2025-10-17 22:52:37
10:14:33,13.08,0.0,10,13080,卖盘,002825,2025-10-17 22:52:37
10:15:03,13.08,0.0,1,1622,卖盘,002825,2025-10-17 22:52:37
10:15:12,13.08,0.0,2,2616,卖盘,002825,2025-10-17 22:52:37
10:15:18,13.08,0.0,5,6540,卖盘,002825,2025-10-17 22:52:37
10:15:24,13.08,0.0,5,6540,卖盘,002825,2025-10-17 22:52:37
10:15:33,13.08,0.0,1,1308,卖盘,002825,2025-10-17 22:52:37
10:15:36,13.08,0.0,2,2616,卖盘,002825,2025-10-17 22:52:37
10:15:39,13.08,0.0,30,39240,卖盘,002825,2025-10-17 22:52:37
10:15:51,13.08,0.0,1,1308,卖盘,002825,2025-10-17 22:52:37
10:16:09,13.08,0.0,950,1242600,卖盘,002825,2025-10-17 22:52:37
10:16:24,13.08,0.0,100,130800,卖盘,002825,2025-10-17 22:52:37
10:16:33,13.08,0.0,5,6540,卖盘,002825,2025-10-17 22:52:37
10:16:36,13.08,0.0,20,26160,卖盘,002825,2025-10-17 22:52:37
10:16:39,13.08,0.0,17,22236,卖盘,002825,2025-10-17 22:52:37
10:16:42,13.08,0.0,2,2564,卖盘,002825,2025-10-17 22:52:37
10:16:45,13.08,0.0,13,17004,卖盘,002825,2025-10-17 22:52:37
10:16:48,13.08,0.0,38,49704,卖盘,002825,2025-10-17 22:52:37
10:16:51,13.08,0.0,257,336156,卖盘,002825,2025-10-17 22:52:37
10:16:57,13.08,0.0,33,43164,卖盘,002825,2025-10-17 22:52:37
10:17:12,13.08,0.0,13,17004,卖盘,002825,2025-10-17 22:52:37
10:17:18,13.08,0.0,5,6540,卖盘,002825,2025-10-17 22:52:37
10:17:27,13.08,0.0,1,1308,卖盘,002825,2025-10-17 22:52:37
10:17:33,13.08,0.0,1,1308,卖盘,002825,2025-10-17 22:52:37
10:17:45,13.08,0.0,1,1308,卖盘,002825,2025-10-17 22:52:37
10:17:54,13.08,0.0,2,2616,卖盘,002825,2025-10-17 22:52:37
10:17:57,13.08,0.0,48,62784,卖盘,002825,2025-10-17 22:52:37
10:18:00,13.08,0.0,5,6540,卖盘,002825,2025-10-17 22:52:37
10:18:09,13.08,0.0,6,7848,卖盘,002825,2025-10-17 22:52:37
10:18:15,13.08,0.0,40,52320,卖盘,002825,2025-10-17 22:52:37
10:18:45,13.08,0.0,87,113796,卖盘,002825,2025-10-17 22:52:37
10:18:48,13.08,0.0,50,65400,卖盘,002825,2025-10-17 22:52:37
10:19:03,13.08,0.0,14,18312,卖盘,002825,2025-10-17 22:52:37
10:19:09,13.08,0.0,25,32700,卖盘,002825,2025-10-17 22:52:37
10:19:12,13.08,0.0,10,13080,卖盘,002825,2025-10-17 22:52:37
10:19:24,13.08,0.0,282,368856,卖盘,002825,2025-10-17 22:52:37
10:19:27,13.08,0.0,5,6540,卖盘,002825,2025-10-17 22:52:37
10:19:30,13.08,0.0,100,130800,卖盘,002825,2025-10-17 22:52:37
10:19:36,13.08,0.0,7,9156,卖盘,002825,2025-10-17 22:52:37
10:19:39,13.08,0.0,1,1308,卖盘,002825,2025-10-17 22:52:37
10:19:42,13.08,0.0,1,1295,卖盘,002825,2025-10-17 22:52:37
10:19:48,13.08,0.0,500,654000,卖盘,002825,2025-10-17 22:52:37
10:19:51,13.08,0.0,10,12818,卖盘,002825,2025-10-17 22:52:37
10:20:00,13.08,0.0,5,6540,卖盘,002825,2025-10-17 22:52:37
10:20:03,13.08,0.0,34,44472,卖盘,002825,2025-10-17 22:52:37
10:20:06,13.08,0.0,35,45780,卖盘,002825,2025-10-17 22:52:37
10:20:09,13.08,0.0,50,65400,卖盘,002825,2025-10-17 22:52:37
10:20:18,13.08,0.0,232,303456,卖盘,002825,2025-10-17 22:52:37
10:20:24,13.08,0.0,100,130800,卖盘,002825,2025-10-17 22:52:37
10:20:30,13.08,0.0,3,3924,卖盘,002825,2025-10-17 22:52:37
10:20:36,13.08,0.0,7,9156,卖盘,002825,2025-10-17 22:52:37
10:20:42,13.08,0.0,41,53628,卖盘,002825,2025-10-17 22:52:37
10:20:48,13.08,0.0,150,196200,卖盘,002825,2025-10-17 22:52:37
10:20:51,13.08,0.0,205,268140,卖盘,002825,2025-10-17 22:52:37
10:21:03,13.08,0.0,20,26160,卖盘,002825,2025-10-17 22:52:37
10:21:09,13.08,0.0,2,2616,卖盘,002825,2025-10-17 22:52:37
10:21:30,13.08,0.0,352,460416,卖盘,002825,2025-10-17 22:52:37
10:21:33,13.08,0.0,14,18312,卖盘,002825,2025-10-17 22:52:37
10:21:36,13.08,0.0,10,13080,卖盘,002825,2025-10-17 22:52:37
10:21:48,13.08,0.0,108,141251,卖盘,002825,2025-10-17 22:52:37
10:21:51,13.08,0.0,9,11772,卖盘,002825,2025-10-17 22:52:37
10:21:54,13.08,0.0,10,12818,卖盘,002825,2025-10-17 22:52:37
10:22:09,13.08,0.0,70,91560,卖盘,002825,2025-10-17 22:52:37
10:22:24,13.08,0.0,323,422484,卖盘,002825,2025-10-17 22:52:37
10:22:27,13.08,0.0,2,2616,卖盘,002825,2025-10-17 22:52:37
10:22:30,13.08,0.0,69,90252,卖盘,002825,2025-10-17 22:52:37
10:22:39,13.08,0.0,16,20928,卖盘,002825,2025-10-17 22:52:37
10:22:42,13.08,0.0,27,35316,卖盘,002825,2025-10-17 22:52:37
10:22:45,13.08,0.0,5,6540,卖盘,002825,2025-10-17 22:52:37
10:22:51,13.08,0.0,33,43164,卖盘,002825,2025-10-17 22:52:37
10:23:00,13.08,0.0,53,69324,卖盘,002825,2025-10-17 22:52:37
10:23:12,13.08,0.0,20,26160,卖盘,002825,2025-10-17 22:52:37
10:23:15,13.08,0.0,30,39240,卖盘,002825,2025-10-17 22:52:37
10:23:27,13.08,0.0,90,117720,卖盘,002825,2025-10-17 22:52:37
10:23:33,13.08,0.0,20,26160,卖盘,002825,2025-10-17 22:52:37
10:23:39,13.08,0.0,10,13080,卖盘,002825,2025-10-17 22:52:37
10:23:57,13.08,0.0,10,13080,卖盘,002825,2025-10-17 22:52:37
10:24:00,13.08,0.0,9,11772,卖盘,002825,2025-10-17 22:52:37
10:24:15,13.08,0.0,2,2616,卖盘,002825,2025-10-17 22:52:37
10:24:24,13.08,0.0,15,19620,卖盘,002825,2025-10-17 22:52:37
10:24:27,13.08,0.0,70,91560,卖盘,002825,2025-10-17 22:52:37
10:24:51,13.08,0.0,12,15696,卖盘,002825,2025-10-17 22:52:37
10:25:00,13.08,0.0,4,5232,卖盘,002825,2025-10-17 22:52:37
10:25:03,13.08,0.0,40,52320,卖盘,002825,2025-10-17 22:52:37
10:25:06,13.08,0.0,23,30084,卖盘,002825,2025-10-17 22:52:37
10:25:12,13.08,0.0,2,2616,卖盘,002825,2025-10-17 22:52:37
10:25:15,13.08,0.0,1,1308,卖盘,002825,2025-10-17 22:52:37
10:25:21,13.08,0.0,20,26160,卖盘,002825,2025-10-17 22:52:37
10:25:42,13.08,0.0,2,2616,卖盘,002825,2025-10-17 22:52:37
10:25:48,13.08,0.0,50,65400,卖盘,002825,2025-10-17 22:52:37
10:26:03,13.08,0.0,1,1308,卖盘,002825,2025-10-17 22:52:37
10:26:09,13.08,0.0,81,105948,卖盘,002825,2025-10-17 22:52:37
10:26:39,13.08,0.0,5,6540,卖盘,002825,2025-10-17 22:52:37
10:26:57,13.08,0.0,5,6540,卖盘,002825,2025-10-17 22:52:37
10:27:06,13.08,0.0,4,5232,卖盘,002825,2025-10-17 22:52:37
10:27:15,13.08,0.0,20,26160,卖盘,002825,2025-10-17 22:52:37
10:27:24,13.08,0.0,20,26160,卖盘,002825,2025-10-17 22:52:37
10:27:57,13.08,0.0,1,1308,卖盘,002825,2025-10-17 22:52:37
10:28:15,13.08,0.0,23,30084,卖盘,002825,2025-10-17 22:52:37
10:28:24,13.08,0.0,75,98100,卖盘,002825,2025-10-17 22:52:37
10:28:27,13.08,0.0,11,14388,卖盘,002825,2025-10-17 22:52:37
10:28:36,13.08,0.0,2,2616,卖盘,002825,2025-10-17 22:52:37
10:28:39,13.08,0.0,1,1308,卖盘,002825,2025-10-17 22:52:37
10:28:51,13.08,0.0,21,27468,卖盘,002825,2025-10-17 22:52:37
10:28:57,13.08,0.0,20,26160,卖盘,002825,2025-10-17 22:52:37
10:29:00,13.08,0.0,14,18312,卖盘,002825,2025-10-17 22:52:37
10:29:12,13.08,0.0,20,26160,卖盘,002825,2025-10-17 22:52:37
10:29:21,13.08,0.0,116,151728,卖盘,002825,2025-10-17 22:52:37
10:29:24,13.08,0.0,17,22210,卖盘,002825,2025-10-17 22:52:37
10:29:33,13.08,0.0,5,6540,卖盘,002825,2025-10-17 22:52:37
10:29:54,13.08,0.0,2,2616,卖盘,002825,2025-10-17 22:52:37
10:30:03,13.08,0.0,2,2616,卖盘,002825,2025-10-17 22:52:37
10:30:06,13.08,0.0,20,26160,卖盘,002825,2025-10-17 22:52:37
10:30:09,13.08,0.0,68,88944,卖盘,002825,2025-10-17 22:52:37
10:30:18,13.08,0.0,60,78480,卖盘,002825,2025-10-17 22:52:37
10:30:27,13.08,0.0,15,19620,卖盘,002825,2025-10-17 22:52:37
10:30:36,13.08,0.0,10,13080,卖盘,002825,2025-10-17 22:52:37
10:30:39,13.08,0.0,3,3924,卖盘,002825,2025-10-17 22:52:37
10:30:45,13.08,0.0,7,9156,卖盘,002825,2025-10-17 22:52:37
10:31:03,13.08,0.0,15,19620,卖盘,002825,2025-10-17 22:52:37
10:31:06,13.08,0.0,30,39240,卖盘,002825,2025-10-17 22:52:37
10:31:33,13.08,0.0,8,10464,卖盘,002825,2025-10-17 22:52:37
10:31:39,13.08,0.0,20,26160,卖盘,002825,2025-10-17 22:52:37
10:31:48,13.08,0.0,35,45780,卖盘,002825,2025-10-17 22:52:37
10:31:54,13.08,0.0,5,6540,卖盘,002825,2025-10-17 22:52:37
10:32:06,13.08,0.0,3,3924,卖盘,002825,2025-10-17 22:52:37
10:32:09,13.08,0.0,75,98100,卖盘,002825,2025-10-17 22:52:37
10:32:24,13.08,0.0,4,5494,卖盘,002825,2025-10-17 22:52:37
10:32:36,13.08,0.0,3,3466,卖盘,002825,2025-10-17 22:52:37
10:32:48,13.08,0.0,50,65400,卖盘,002825,2025-10-17 22:52:37
10:33:09,13.08,0.0,5,6540,卖盘,002825,2025-10-17 22:52:37
10:33:15,13.08,0.0,20,26160,卖盘,002825,2025-10-17 22:52:37
10:33:21,13.08,0.0,5,6540,卖盘,002825,2025-10-17 22:52:37
10:33:27,13.08,0.0,1,1308,卖盘,002825,2025-10-17 22:52:37
10:33:36,13.08,0.0,15,20261,卖盘,002825,2025-10-17 22:52:37
10:34:00,13.08,0.0,2,2616,卖盘,002825,2025-10-17 22:52:37
10:34:12,13.08,0.0,11,14388,卖盘,002825,2025-10-17 22:52:37
10:34:21,13.08,0.0,41,53628,卖盘,002825,2025-10-17 22:52:37
10:34:24,13.08,0.0,12,15696,卖盘,002825,2025-10-17 22:52:37
10:35:12,13.08,0.0,6,7848,卖盘,002825,2025-10-17 22:52:37
10:35:21,13.08,0.0,10,13080,卖盘,002825,2025-10-17 22:52:37
10:35:24,13.08,0.0,23,30084,卖盘,002825,2025-10-17 22:52:37
10:35:30,13.08,0.0,2,2616,卖盘,002825,2025-10-17 22:52:37
10:35:33,13.08,0.0,2,2616,卖盘,002825,2025-10-17 22:52:37
10:36:42,13.08,0.0,10,13080,卖盘,002825,2025-10-17 22:52:37
10:37:03,13.08,0.0,2,2616,卖盘,002825,2025-10-17 22:52:37
10:37:09,13.08,0.0,10,13080,卖盘,002825,2025-10-17 22:52:37
10:37:15,13.08,0.0,5,6540,卖盘,002825,2025-10-17 22:52:37
10:37:30,13.08,0.0,7,9156,卖盘,002825,2025-10-17 22:52:37
10:38:18,13.08,0.0,2,2616,卖盘,002825,2025-10-17 22:52:37
10:38:24,13.08,0.0,1,1308,卖盘,002825,2025-10-17 22:52:37
10:38:57,13.08,0.0,20,26160,卖盘,002825,2025-10-17 22:52:37
10:39:33,13.08,0.0,2,2616,卖盘,002825,2025-10-17 22:52:37
10:39:48,13.08,0.0,5,6540,卖盘,002825,2025-10-17 22:52:37
10:40:06,13.08,0.0,20,26160,卖盘,002825,2025-10-17 22:52:37
10:40:12,13.08,0.0,6,7848,卖盘,002825,2025-10-17 22:52:37
10:40:48,13.08,0.0,17,22236,卖盘,002825,2025-10-17 22:52:37
10:40:51,13.08,0.0,6,7848,卖盘,002825,2025-10-17 22:52:37
10:40:54,13.08,0.0,6,7848,卖盘,002825,2025-10-17 22:52:37
10:40:57,13.08,0.0,20,26160,卖盘,002825,2025-10-17 22:52:37
10:41:03,13.08,0.0,1,1308,卖盘,002825,2025-10-17 22:52:37
10:41:48,13.08,0.0,10,13080,卖盘,002825,2025-10-17 22:52:37
10:41:51,13.08,0.0,1,1308,卖盘,002825,2025-10-17 22:52:37
10:41:54,13.08,0.0,10,13080,卖盘,002825,2025-10-17 22:52:37
10:42:33,13.08,0.0,4,5232,卖盘,002825,2025-10-17 22:52:37
10:42:42,13.08,0.0,55,71940,卖盘,002825,2025-10-17 22:52:37
10:42:51,13.08,0.0,2,2564,卖盘,002825,2025-10-17 22:52:37
10:43:00,13.08,0.0,7,9156,卖盘,002825,2025-10-17 22:52:37
10:43:06,13.08,0.0,5,6540,卖盘,002825,2025-10-17 22:52:37
10:43:09,13.08,0.0,4,5232,卖盘,002825,2025-10-17 22:52:37
10:43:15,13.08,0.0,1,968,卖盘,002825,2025-10-17 22:52:37
10:44:03,13.08,0.0,30,39240,卖盘,002825,2025-10-17 22:52:37
10:44:12,13.08,0.0,20,26160,卖盘,002825,2025-10-17 22:52:37
10:44:30,13.08,0.0,7,9156,卖盘,002825,2025-10-17 22:52:37
10:44:42,13.08,0.0,42,54936,卖盘,002825,2025-10-17 22:52:37
10:44:51,13.08,0.0,20,26160,卖盘,002825,2025-10-17 22:52:37
10:44:57,13.08,0.0,1,1308,卖盘,002825,2025-10-17 22:52:37
10:45:00,13.08,0.0,1,1308,卖盘,002825,2025-10-17 22:52:37
10:45:18,13.08,0.0,1,1308,卖盘,002825,2025-10-17 22:52:37
10:45:24,13.08,0.0,20,26160,卖盘,002825,2025-10-17 22:52:37
10:45:30,13.08,0.0,3,3911,卖盘,002825,2025-10-17 22:52:37
10:45:54,13.08,0.0,30,39240,卖盘,002825,2025-10-17 22:52:37
10:46:15,13.08,0.0,2,2616,卖盘,002825,2025-10-17 22:52:37
10:46:27,13.08,0.0,5,6540,卖盘,002825,2025-10-17 22:52:37
10:46:39,13.08,0.0,7,9156,卖盘,002825,2025-10-17 22:52:37
10:46:57,13.08,0.0,1,1308,卖盘,002825,2025-10-17 22:52:37
10:47:03,13.08,0.0,3,3924,卖盘,002825,2025-10-17 22:52:37
10:48:00,13.08,0.0,10,13080,卖盘,002825,2025-10-17 22:52:37
10:48:27,13.08,0.0,2,2616,卖盘,002825,2025-10-17 22:52:37
10:48:30,13.08,0.0,2,2616,卖盘,002825,2025-10-17 22:52:37
10:48:42,13.08,0.0,8,10464,卖盘,002825,2025-10-17 22:52:37
10:48:45,13.08,0.0,2,2616,卖盘,002825,2025-10-17 22:52:37
10:49:27,13.08,0.0,1,1308,卖盘,002825,2025-10-17 22:52:37
10:49:51,13.08,0.0,30,39240,卖盘,002825,2025-10-17 22:52:37
10:50:09,13.08,0.0,1,1308,卖盘,002825,2025-10-17 22:52:37
10:50:12,13.08,0.0,3,3924,卖盘,002825,2025-10-17 22:52:37
10:50:24,13.08,0.0,1,1046,卖盘,002825,2025-10-17 22:52:37
10:51:21,13.08,0.0,5,6540,卖盘,002825,2025-10-17 22:52:37
10:51:24,13.08,0.0,3,3924,卖盘,002825,2025-10-17 22:52:37
10:51:51,13.08,0.0,9,11772,卖盘,002825,2025-10-17 22:52:37
10:52:12,13.08,0.0,10,13080,卖盘,002825,2025-10-17 22:52:37
10:52:15,13.08,0.0,2,2616,卖盘,002825,2025-10-17 22:52:37
10:52:18,13.08,0.0,10,13080,卖盘,002825,2025-10-17 22:52:37
10:52:21,13.08,0.0,1,1308,卖盘,002825,2025-10-17 22:52:37
10:52:30,13.08,0.0,30,39240,卖盘,002825,2025-10-17 22:52:37
10:52:36,13.08,0.0,45,58860,卖盘,002825,2025-10-17 22:52:37
10:52:42,13.08,0.0,3,3924,卖盘,002825,2025-10-17 22:52:37
10:52:54,13.08,0.0,5,6540,卖盘,002825,2025-10-17 22:52:37
10:53:21,13.08,0.0,1,1308,卖盘,002825,2025-10-17 22:52:37
10:53:27,13.08,0.0,5,6540,卖盘,002825,2025-10-17 22:52:37
10:53:36,13.08,0.0,6,7848,卖盘,002825,2025-10-17 22:52:37
10:54:15,13.08,0.0,22,28776,卖盘,002825,2025-10-17 22:52:37
10:54:36,13.08,0.0,90,117720,卖盘,002825,2025-10-17 22:52:37
10:54:51,13.08,0.0,29,37932,卖盘,002825,2025-10-17 22:52:37
10:55:12,13.08,0.0,1,1308,卖盘,002825,2025-10-17 22:52:37
10:55:30,13.08,0.0,4,5232,卖盘,002825,2025-10-17 22:52:37
10:55:33,13.08,0.0,10,13080,卖盘,002825,2025-10-17 22:52:37
10:55:48,13.08,0.0,21,27193,卖盘,002825,2025-10-17 22:52:37
10:56:06,13.08,0.0,2,2616,卖盘,002825,2025-10-17 22:52:37
10:56:09,13.08,0.0,10,13080,卖盘,002825,2025-10-17 22:52:37
10:56:33,13.08,0.0,11,14388,卖盘,002825,2025-10-17 22:52:37
10:56:42,13.08,0.0,2,2616,卖盘,002825,2025-10-17 22:52:37
10:57:18,13.08,0.0,2,2616,卖盘,002825,2025-10-17 22:52:37
10:58:03,13.08,0.0,130,170040,卖盘,002825,2025-10-17 22:52:37
10:58:48,13.08,0.0,10,13080,卖盘,002825,2025-10-17 22:52:37
10:59:39,13.08,0.0,17,22236,卖盘,002825,2025-10-17 22:52:37
11:00:03,13.08,0.0,29,37932,卖盘,002825,2025-10-17 22:52:37
11:00:18,13.08,0.0,2,2616,卖盘,002825,2025-10-17 22:52:37
11:00:21,13.08,0.0,10,13080,卖盘,002825,2025-10-17 22:52:37
11:00:24,13.08,0.0,10,13080,卖盘,002825,2025-10-17 22:52:37
11:00:36,13.08,0.0,5,6540,卖盘,002825,2025-10-17 22:52:37
11:01:12,13.08,0.0,10,13080,卖盘,002825,2025-10-17 22:52:37
11:02:00,13.08,0.0,5,6540,卖盘,002825,2025-10-17 22:52:37
11:02:06,13.08,0.0,15,19620,卖盘,002825,2025-10-17 22:52:37
11:02:18,13.08,0.0,200,261600,卖盘,002825,2025-10-17 22:52:37
11:03:00,13.08,0.0,20,26160,卖盘,002825,2025-10-17 22:52:37
11:03:06,13.08,0.0,1,1308,卖盘,002825,2025-10-17 22:52:37
11:03:09,13.08,0.0,8,10464,卖盘,002825,2025-10-17 22:52:37
11:03:24,13.08,0.0,3,3715,卖盘,002825,2025-10-17 22:52:37
11:04:57,13.08,0.0,26,33642,卖盘,002825,2025-10-17 22:52:37
11:05:12,13.08,0.0,10,13080,卖盘,002825,2025-10-17 22:52:37
11:05:24,13.08,0.0,7,9156,卖盘,002825,2025-10-17 22:52:37
11:05:36,13.08,0.0,4,5232,卖盘,002825,2025-10-17 22:52:37
11:05:39,13.08,0.0,6,7848,卖盘,002825,2025-10-17 22:52:37
11:05:45,13.08,0.0,10,13080,卖盘,002825,2025-10-17 22:52:37
11:06:00,13.08,0.0,13,17004,卖盘,002825,2025-10-17 22:52:37
11:06:03,13.08,0.0,6,7848,卖盘,002825,2025-10-17 22:52:37
11:06:09,13.08,0.0,20,26160,卖盘,002825,2025-10-17 22:52:37
11:06:36,13.08,0.0,1,1308,卖盘,002825,2025-10-17 22:52:37
11:06:39,13.08,0.0,30,39240,卖盘,002825,2025-10-17 22:52:37
11:06:42,13.08,0.0,1,1308,卖盘,002825,2025-10-17 22:52:37
11:07:00,13.08,0.0,3,3924,卖盘,002825,2025-10-17 22:52:37
11:07:06,13.08,0.0,69,90252,卖盘,002825,2025-10-17 22:52:37
11:07:30,13.08,0.0,2,2616,卖盘,002825,2025-10-17 22:52:37
11:08:00,13.08,0.0,1,1308,卖盘,002825,2025-10-17 22:52:37
11:08:24,13.08,0.0,3,3924,卖盘,002825,2025-10-17 22:52:37
11:08:30,13.08,0.0,20,26160,卖盘,002825,2025-10-17 22:52:37
11:08:51,13.08,0.0,8,10464,卖盘,002825,2025-10-17 22:52:37
11:09:03,13.08,0.0,1,1308,卖盘,002825,2025-10-17 22:52:37
11:09:36,13.08,0.0,5,6540,卖盘,002825,2025-10-17 22:52:37
11:09:48,13.08,0.0,1,1308,卖盘,002825,2025-10-17 22:52:37
11:10:09,13.08,0.0,9,11772,卖盘,002825,2025-10-17 22:52:37
11:10:18,13.08,0.0,1,1308,卖盘,002825,2025-10-17 22:52:37
11:10:48,13.08,0.0,21,27468,卖盘,002825,2025-10-17 22:52:37
11:11:21,13.08,0.0,15,19620,卖盘,002825,2025-10-17 22:52:37
11:11:42,13.08,0.0,3,3924,卖盘,002825,2025-10-17 22:52:37
11:11:57,13.08,0.0,40,52320,卖盘,002825,2025-10-17 22:52:37
11:12:00,13.08,0.0,25,32700,卖盘,002825,2025-10-17 22:52:37
11:12:09,13.08,0.0,10,13080,卖盘,002825,2025-10-17 22:52:37
11:12:15,13.08,0.0,5,6540,卖盘,002825,2025-10-17 22:52:37
11:12:18,13.08,0.0,18,23544,卖盘,002825,2025-10-17 22:52:37
11:13:42,13.08,0.0,12,15160,卖盘,002825,2025-10-17 22:52:37
11:13:45,13.08,0.0,50,65400,卖盘,002825,2025-10-17 22:52:37
11:14:30,13.08,0.0,10,13080,卖盘,002825,2025-10-17 22:52:37
11:14:36,13.08,0.0,5,6540,卖盘,002825,2025-10-17 22:52:37
11:15:03,13.08,0.0,3,3924,卖盘,002825,2025-10-17 22:52:37
11:15:12,13.08,0.0,5,6540,卖盘,002825,2025-10-17 22:52:37
11:15:30,13.08,0.0,1,1308,卖盘,002825,2025-10-17 22:52:37
11:15:45,13.08,0.0,3,3924,卖盘,002825,2025-10-17 22:52:37
11:15:48,13.08,0.0,5,6540,卖盘,002825,2025-10-17 22:52:37
11:16:03,13.08,0.0,4,5232,卖盘,002825,2025-10-17 22:52:37
11:16:36,13.08,0.0,50,65400,卖盘,002825,2025-10-17 22:52:37
11:16:51,13.08,0.0,5,6540,卖盘,002825,2025-10-17 22:52:37
11:16:54,13.08,0.0,5,6540,卖盘,002825,2025-10-17 22:52:37
11:17:15,13.08,0.0,20,26160,卖盘,002825,2025-10-17 22:52:37
11:17:48,13.08,0.0,6,7848,卖盘,002825,2025-10-17 22:52:37
11:18:03,13.08,0.0,11,14388,卖盘,002825,2025-10-17 22:52:37
11:18:12,13.08,0.0,5,6540,卖盘,002825,2025-10-17 22:52:37
11:18:18,13.08,0.0,10,13080,卖盘,002825,2025-10-17 22:52:37
11:19:00,13.08,0.0,5,6540,卖盘,002825,2025-10-17 22:52:37
11:19:12,13.08,0.0,10,13080,卖盘,002825,2025-10-17 22:52:37
11:19:27,13.08,0.0,5,6540,卖盘,002825,2025-10-17 22:52:37
11:19:36,13.08,0.0,10,12818,卖盘,002825,2025-10-17 22:52:37
11:19:45,13.08,0.0,40,52320,卖盘,002825,2025-10-17 22:52:37
11:19:48,13.08,0.0,3,3924,卖盘,002825,2025-10-17 22:52:37
11:20:00,13.08,0.0,7,8881,卖盘,002825,2025-10-17 22:52:37
11:20:30,13.08,0.0,30,39240,卖盘,002825,2025-10-17 22:52:37
11:20:42,13.08,0.0,8,10464,卖盘,002825,2025-10-17 22:52:37
11:20:45,13.08,0.0,4,5232,卖盘,002825,2025-10-17 22:52:37
11:21:00,13.08,0.0,10,13080,卖盘,002825,2025-10-17 22:52:37
11:21:06,13.08,0.0,5,6540,卖盘,002825,2025-10-17 22:52:37
11:21:12,13.08,0.0,5,6540,卖盘,002825,2025-10-17 22:52:37
11:21:36,13.08,0.0,2,2616,卖盘,002825,2025-10-17 22:52:37
11:21:42,13.08,0.0,1,1308,卖盘,002825,2025-10-17 22:52:37
11:21:57,13.08,0.0,6,7848,卖盘,002825,2025-10-17 22:52:37
11:22:00,13.08,0.0,4,5232,卖盘,002825,2025-10-17 22:52:37
11:22:36,13.08,0.0,40,52320,卖盘,002825,2025-10-17 22:52:37
11:22:51,13.08,0.0,2,2616,卖盘,002825,2025-10-17 22:52:37
11:23:12,13.08,0.0,4,5232,卖盘,002825,2025-10-17 22:52:37
11:23:18,13.08,0.0,10,13080,卖盘,002825,2025-10-17 22:52:37
11:23:33,13.08,0.0,1,1308,卖盘,002825,2025-10-17 22:52:37
11:23:48,13.08,0.0,1,1308,卖盘,002825,2025-10-17 22:52:37
11:24:30,13.08,0.0,1,1308,卖盘,002825,2025-10-17 22:52:37
11:25:09,13.08,0.0,3,3924,卖盘,002825,2025-10-17 22:52:37
11:25:39,13.08,0.0,10,13080,卖盘,002825,2025-10-17 22:52:37
11:26:12,13.08,0.0,2,2616,卖盘,002825,2025-10-17 22:52:37
11:26:27,13.08,0.0,1,1308,卖盘,002825,2025-10-17 22:52:37
11:26:54,13.08,0.0,21,26932,卖盘,002825,2025-10-17 22:52:37
11:27:57,13.08,0.0,35,45780,卖盘,002825,2025-10-17 22:52:37
11:28:00,13.08,0.0,1,1308,卖盘,002825,2025-10-17 22:52:37
11:28:09,13.08,0.0,10,13080,卖盘,002825,2025-10-17 22:52:37
11:28:42,13.08,0.0,10,13080,卖盘,002825,2025-10-17 22:52:37
11:28:48,13.08,0.0,3,3924,卖盘,002825,2025-10-17 22:52:37
11:29:21,13.08,0.0,5,6540,卖盘,002825,2025-10-17 22:52:37
11:29:42,13.08,0.0,2,2616,卖盘,002825,2025-10-17 22:52:37
11:29:48,13.08,0.0,5,6540,卖盘,002825,2025-10-17 22:52:37
11:29:57,13.08,0.0,5,6540,卖盘,002825,2025-10-17 22:52:37
13:00:00,13.08,0.0,386,504718,卖盘,002825,2025-10-17 22:52:37
13:00:03,13.08,0.0,414,541250,卖盘,002825,2025-10-17 22:52:37
13:00:06,13.08,0.0,25,32700,卖盘,002825,2025-10-17 22:52:37
13:00:09,13.08,0.0,1,1308,卖盘,002825,2025-10-17 22:52:37
13:00:18,13.08,0.0,20,26160,卖盘,002825,2025-10-17 22:52:37
13:00:24,13.08,0.0,3,3924,卖盘,002825,2025-10-17 22:52:37
13:00:39,13.08,0.0,19,24852,卖盘,002825,2025-10-17 22:52:37
13:00:42,13.08,0.0,10,13080,卖盘,002825,2025-10-17 22:52:37
13:00:51,13.08,0.0,87,113796,卖盘,002825,2025-10-17 22:52:37
13:01:00,13.08,0.0,22,28776,卖盘,002825,2025-10-17 22:52:37
13:01:03,13.08,0.0,118,154344,卖盘,002825,2025-10-17 22:52:37
13:01:24,13.08,0.0,50,65400,卖盘,002825,2025-10-17 22:52:37
13:01:30,13.08,0.0,1,1308,卖盘,002825,2025-10-17 22:52:37
13:01:33,13.08,0.0,5,6540,卖盘,002825,2025-10-17 22:52:37
13:02:09,13.08,0.0,13,17004,卖盘,002825,2025-10-17 22:52:37
13:02:24,13.08,0.0,97,126876,卖盘,002825,2025-10-17 22:52:37
13:02:42,13.08,0.0,1,1308,卖盘,002825,2025-10-17 22:52:37
13:02:45,13.08,0.0,5,6540,卖盘,002825,2025-10-17 22:52:37
13:02:51,13.08,0.0,5,6540,卖盘,002825,2025-10-17 22:52:37
13:03:36,13.08,0.0,10,12818,卖盘,002825,2025-10-17 22:52:37
13:03:42,13.08,0.0,21,27468,卖盘,002825,2025-10-17 22:52:37
13:03:57,13.08,0.0,1,1308,卖盘,002825,2025-10-17 22:52:37
13:04:00,13.08,0.0,111,145188,卖盘,002825,2025-10-17 22:52:37
13:04:36,13.08,0.0,109,142572,卖盘,002825,2025-10-17 22:52:37
13:04:45,13.08,0.0,8,10464,卖盘,002825,2025-10-17 22:52:37
13:05:06,13.08,0.0,2,2616,卖盘,002825,2025-10-17 22:52:37
13:05:09,13.08,0.0,8,10464,卖盘,002825,2025-10-17 22:52:37
13:05:15,13.08,0.0,50,65400,卖盘,002825,2025-10-17 22:52:37
13:05:45,13.08,0.0,15,19620,卖盘,002825,2025-10-17 22:52:37
13:06:06,13.08,0.0,1,1308,卖盘,002825,2025-10-17 22:52:37
13:06:09,13.08,0.0,30,39240,卖盘,002825,2025-10-17 22:52:37
13:06:15,13.08,0.0,7,9156,卖盘,002825,2025-10-17 22:52:37
13:06:18,13.08,0.0,10,13080,卖盘,002825,2025-10-17 22:52:37
13:06:24,13.08,0.0,5,6540,卖盘,002825,2025-10-17 22:52:37
13:06:27,13.08,0.0,10,13080,卖盘,002825,2025-10-17 22:52:37
13:07:24,13.08,0.0,28,36624,卖盘,002825,2025-10-17 22:52:37
13:07:51,13.08,0.0,5,6540,卖盘,002825,2025-10-17 22:52:37
13:08:06,13.08,0.0,40,52320,卖盘,002825,2025-10-17 22:52:37
13:08:18,13.08,0.0,1,1308,卖盘,002825,2025-10-17 22:52:37
13:08:30,13.08,0.0,5,6540,卖盘,002825,2025-10-17 22:52:37
13:08:51,13.08,0.0,1,1308,卖盘,002825,2025-10-17 22:52:37
13:08:57,13.08,0.0,20,26160,卖盘,002825,2025-10-17 22:52:37
13:09:42,13.08,0.0,2,2616,卖盘,002825,2025-10-17 22:52:37
13:10:06,13.08,0.0,2,2616,卖盘,002825,2025-10-17 22:52:37
13:10:09,13.08,0.0,31,40548,卖盘,002825,2025-10-17 22:52:37
13:10:39,13.08,0.0,6,7325,卖盘,002825,2025-10-17 22:52:37
13:10:42,13.08,0.0,12,15696,卖盘,002825,2025-10-17 22:52:37
13:10:45,13.08,0.0,3,3924,卖盘,002825,2025-10-17 22:52:37
13:11:00,13.08,0.0,25,32700,卖盘,002825,2025-10-17 22:52:37
13:11:03,13.08,0.0,2,2616,卖盘,002825,2025-10-17 22:52:37
13:11:12,13.08,0.0,20,26160,卖盘,002825,2025-10-17 22:52:37
13:11:24,13.08,0.0,10,13499,卖盘,002825,2025-10-17 22:52:37
13:11:36,13.08,0.0,4,5232,卖盘,002825,2025-10-17 22:52:37
13:11:57,13.08,0.0,20,26160,卖盘,002825,2025-10-17 22:52:37
13:12:09,13.08,0.0,10,13080,卖盘,002825,2025-10-17 22:52:37
13:12:15,13.08,0.0,1,1308,卖盘,002825,2025-10-17 22:52:37
13:12:18,13.08,0.0,5,6540,卖盘,002825,2025-10-17 22:52:37
13:12:24,13.08,0.0,1,1308,卖盘,002825,2025-10-17 22:52:37
13:12:48,13.08,0.0,1,1308,卖盘,002825,2025-10-17 22:52:37
13:13:27,13.08,0.0,15,19620,卖盘,002825,2025-10-17 22:52:37
13:13:39,13.08,0.0,16,20928,卖盘,002825,2025-10-17 22:52:37
13:13:57,13.08,0.0,10,12818,卖盘,002825,2025-10-17 22:52:37
13:14:00,13.08,0.0,11,13852,卖盘,002825,2025-10-17 22:52:37
13:14:12,13.08,0.0,10,13080,卖盘,002825,2025-10-17 22:52:37
13:14:45,13.08,0.0,6,7848,卖盘,002825,2025-10-17 22:52:37
13:14:51,13.08,0.0,24,31392,卖盘,002825,2025-10-17 22:52:37
13:15:06,13.08,0.0,17,22236,卖盘,002825,2025-10-17 22:52:37
13:15:15,13.08,0.0,5,6540,卖盘,002825,2025-10-17 22:52:37
13:15:18,13.08,0.0,10,13080,卖盘,002825,2025-10-17 22:52:37
13:15:39,13.08,0.0,7,9156,卖盘,002825,2025-10-17 22:52:37
13:15:51,13.08,0.0,1,1308,卖盘,002825,2025-10-17 22:52:37
13:16:48,13.08,0.0,1,1308,卖盘,002825,2025-10-17 22:52:37
13:17:24,13.08,0.0,5,6540,卖盘,002825,2025-10-17 22:52:37
13:17:48,13.08,0.0,10,13080,卖盘,002825,2025-10-17 22:52:37
13:17:54,13.08,0.0,3,3924,卖盘,002825,2025-10-17 22:52:37
13:18:03,13.08,0.0,51,66708,卖盘,002825,2025-10-17 22:52:37
13:18:18,13.08,0.0,20,26160,卖盘,002825,2025-10-17 22:52:37
13:18:45,13.08,0.0,6,7848,卖盘,002825,2025-10-17 22:52:37
13:19:00,13.08,0.0,5,6540,卖盘,002825,2025-10-17 22:52:37
13:19:12,13.08,0.0,3,3924,卖盘,002825,2025-10-17 22:52:37
13:19:15,13.08,0.0,33,43164,卖盘,002825,2025-10-17 22:52:37
13:19:24,13.08,0.0,2,2616,卖盘,002825,2025-10-17 22:52:37
13:19:45,13.08,0.0,10,13080,卖盘,002825,2025-10-17 22:52:37
13:19:54,13.08,0.0,7,9156,卖盘,002825,2025-10-17 22:52:37
13:20:00,13.08,0.0,22,28776,卖盘,002825,2025-10-17 22:52:37
13:20:06,13.08,0.0,1,1308,卖盘,002825,2025-10-17 22:52:37
13:20:42,13.08,0.0,14,18312,卖盘,002825,2025-10-17 22:52:37
13:20:48,13.08,0.0,17,22236,卖盘,002825,2025-10-17 22:52:37
13:21:06,13.08,0.0,30,39240,卖盘,002825,2025-10-17 22:52:37
13:21:12,13.08,0.0,3,4447,卖盘,002825,2025-10-17 22:52:37
13:21:21,13.08,0.0,6,7848,卖盘,002825,2025-10-17 22:52:37
13:21:30,13.08,0.0,10,13080,卖盘,002825,2025-10-17 22:52:37
13:22:06,13.08,0.0,40,52320,卖盘,002825,2025-10-17 22:52:37
13:22:12,13.08,0.0,110,143880,卖盘,002825,2025-10-17 22:52:37
13:22:27,13.08,0.0,10,13080,卖盘,002825,2025-10-17 22:52:37
13:23:18,13.08,0.0,1,1308,卖盘,002825,2025-10-17 22:52:37
13:24:24,13.08,0.0,17,21870,卖盘,002825,2025-10-17 22:52:37
13:24:27,13.08,0.0,1,1308,卖盘,002825,2025-10-17 22:52:37
13:25:45,13.08,0.0,6,7848,卖盘,002825,2025-10-17 22:52:37
13:26:12,13.08,0.0,10,13080,卖盘,002825,2025-10-17 22:52:37
13:26:42,13.08,0.0,116,151728,卖盘,002825,2025-10-17 22:52:37
13:27:12,13.08,0.0,50,65400,卖盘,002825,2025-10-17 22:52:37
13:27:18,13.08,0.0,29,37932,卖盘,002825,2025-10-17 22:52:37
13:27:27,13.08,0.0,1,1308,卖盘,002825,2025-10-17 22:52:37
13:28:18,13.08,0.0,1,1308,卖盘,002825,2025-10-17 22:52:37
13:28:30,13.08,0.0,3,3924,卖盘,002825,2025-10-17 22:52:37
13:28:39,13.08,0.0,1,1308,卖盘,002825,2025-10-17 22:52:37
13:28:48,13.08,0.0,14,18312,卖盘,002825,2025-10-17 22:52:37
13:28:57,13.08,0.0,27,35878,卖盘,002825,2025-10-17 22:52:37
13:29:51,13.08,0.0,29,37932,卖盘,002825,2025-10-17 22:52:37
13:30:42,13.08,0.0,7,9156,卖盘,002825,2025-10-17 22:52:37
13:30:45,13.08,0.0,10,13080,卖盘,002825,2025-10-17 22:52:37
13:31:18,13.08,0.0,13,17004,卖盘,002825,2025-10-17 22:52:37
13:32:21,13.08,0.0,50,65400,卖盘,002825,2025-10-17 22:52:37
13:33:42,13.08,0.0,25,32700,卖盘,002825,2025-10-17 22:52:37
13:35:09,13.08,0.0,5,6540,卖盘,002825,2025-10-17 22:52:37
13:35:27,13.08,0.0,10,13080,卖盘,002825,2025-10-17 22:52:37
13:35:48,13.08,0.0,1,1308,卖盘,002825,2025-10-17 22:52:37
13:37:36,13.08,0.0,5,6540,卖盘,002825,2025-10-17 22:52:37
13:37:45,13.08,0.0,50,65400,卖盘,002825,2025-10-17 22:52:37
13:38:27,13.08,0.0,8,10464,卖盘,002825,2025-10-17 22:52:37
13:38:30,13.08,0.0,22,28776,卖盘,002825,2025-10-17 22:52:37
13:38:48,13.08,0.0,2,2616,卖盘,002825,2025-10-17 22:52:37
13:39:18,13.08,0.0,2,2616,卖盘,002825,2025-10-17 22:52:37
13:39:57,13.08,0.0,11,14388,卖盘,002825,2025-10-17 22:52:37
13:40:15,13.08,0.0,20,26160,卖盘,002825,2025-10-17 22:52:37
13:40:45,13.08,0.0,7,9156,卖盘,002825,2025-10-17 22:52:37
13:41:09,13.08,0.0,43,56244,卖盘,002825,2025-10-17 22:52:37
13:41:42,13.08,0.0,1,1308,卖盘,002825,2025-10-17 22:52:37
13:43:06,13.08,0.0,5,6540,卖盘,002825,2025-10-17 22:52:37
13:43:09,13.08,0.0,2,2616,卖盘,002825,2025-10-17 22:52:37
13:44:06,13.08,0.0,497,650076,卖盘,002825,2025-10-17 22:52:37
13:44:09,13.08,0.0,10,13080,卖盘,002825,2025-10-17 22:52:37
13:44:51,13.08,0.0,5,6540,卖盘,002825,2025-10-17 22:52:37
13:45:09,13.08,0.0,30,39240,卖盘,002825,2025-10-17 22:52:37
13:45:15,13.08,0.0,12,15696,卖盘,002825,2025-10-17 22:52:37
13:45:39,13.08,0.0,3,3924,卖盘,002825,2025-10-17 22:52:37
13:45:45,13.08,0.0,2,2616,卖盘,002825,2025-10-17 22:52:37
13:46:18,13.08,0.0,1,1308,卖盘,002825,2025-10-17 22:52:37
13:46:30,13.08,0.0,7,9156,卖盘,002825,2025-10-17 22:52:37
13:46:51,13.08,0.0,12,15696,卖盘,002825,2025-10-17 22:52:37
13:47:06,13.08,0.0,80,104640,卖盘,002825,2025-10-17 22:52:37
13:47:36,13.08,0.0,15,19620,卖盘,002825,2025-10-17 22:52:37
13:48:54,13.08,0.0,2,2616,卖盘,002825,2025-10-17 22:52:37
13:50:36,13.08,0.0,80,104640,卖盘,002825,2025-10-17 22:52:37
13:50:42,13.08,0.0,25,32700,卖盘,002825,2025-10-17 22:52:37
13:50:48,13.08,0.0,6,7848,卖盘,002825,2025-10-17 22:52:37
13:50:51,13.08,0.0,1,1308,卖盘,002825,2025-10-17 22:52:37
13:51:12,13.08,0.0,50,65400,卖盘,002825,2025-10-17 22:52:37
13:51:39,13.08,0.0,5,6540,卖盘,002825,2025-10-17 22:52:37
13:52:18,13.08,0.0,10,13080,卖盘,002825,2025-10-17 22:52:37
13:52:24,13.08,0.0,10,13080,卖盘,002825,2025-10-17 22:52:37
13:52:33,13.08,0.0,10,13080,卖盘,002825,2025-10-17 22:52:37
13:53:51,13.08,0.0,100,130800,卖盘,002825,2025-10-17 22:52:37
13:53:54,13.08,0.0,1,1308,卖盘,002825,2025-10-17 22:52:37
13:54:15,13.08,0.0,1,1308,卖盘,002825,2025-10-17 22:52:37
13:54:42,13.08,0.0,5,6540,卖盘,002825,2025-10-17 22:52:37
13:55:09,13.08,0.0,2,2616,卖盘,002825,2025-10-17 22:52:37
13:55:18,13.08,0.0,41,53628,卖盘,002825,2025-10-17 22:52:37
13:55:33,13.08,0.0,6,7848,卖盘,002825,2025-10-17 22:52:37
13:55:48,13.08,0.0,6,7848,卖盘,002825,2025-10-17 22:52:37
13:55:57,13.08,0.0,10,13080,卖盘,002825,2025-10-17 22:52:37
13:56:03,13.08,0.0,46,60168,卖盘,002825,2025-10-17 22:52:37
13:56:15,13.08,0.0,2,2616,卖盘,002825,2025-10-17 22:52:37
13:56:21,13.08,0.0,3,3924,卖盘,002825,2025-10-17 22:52:37
13:56:42,13.08,0.0,10,13080,卖盘,002825,2025-10-17 22:52:37
13:56:57,13.08,0.0,2,2616,卖盘,002825,2025-10-17 22:52:37
13:57:27,13.08,0.0,10,13080,卖盘,002825,2025-10-17 22:52:37
13:57:54,13.08,0.0,10,13080,卖盘,002825,2025-10-17 22:52:37
13:57:57,13.08,0.0,5,6540,卖盘,002825,2025-10-17 22:52:37
13:58:15,13.08,0.0,1,1308,卖盘,002825,2025-10-17 22:52:37
13:58:36,13.08,0.0,112,146496,卖盘,002825,2025-10-17 22:52:37
13:58:42,13.08,0.0,100,130800,卖盘,002825,2025-10-17 22:52:37
13:59:03,13.08,0.0,1,1308,卖盘,002825,2025-10-17 22:52:37
13:59:33,13.08,0.0,22,29404,卖盘,002825,2025-10-17 22:52:37
14:00:24,13.08,0.0,4,5232,卖盘,002825,2025-10-17 22:52:37
14:00:33,13.08,0.0,2,2616,卖盘,002825,2025-10-17 22:52:37
14:01:30,13.08,0.0,10,13080,卖盘,002825,2025-10-17 22:52:37
14:01:42,13.08,0.0,2,2616,卖盘,002825,2025-10-17 22:52:37
14:01:45,13.08,0.0,10,13080,卖盘,002825,2025-10-17 22:52:37
14:01:48,13.08,0.0,6,7403,卖盘,002825,2025-10-17 22:52:37
14:02:00,13.08,0.0,11,14388,卖盘,002825,2025-10-17 22:52:37
14:02:30,13.08,0.0,2,2616,卖盘,002825,2025-10-17 22:52:37
14:02:33,13.08,0.0,4,5232,卖盘,002825,2025-10-17 22:52:37
14:02:54,13.08,0.0,3,3924,卖盘,002825,2025-10-17 22:52:37
14:03:03,13.08,0.0,15,19620,卖盘,002825,2025-10-17 22:52:37
14:03:06,13.08,0.0,100,130800,卖盘,002825,2025-10-17 22:52:37
14:03:15,13.08,0.0,1,1308,卖盘,002825,2025-10-17 22:52:37
14:03:24,13.08,0.0,10,13080,卖盘,002825,2025-10-17 22:52:37
14:03:27,13.08,0.0,1,1308,卖盘,002825,2025-10-17 22:52:37
14:04:45,13.08,0.0,5,6540,卖盘,002825,2025-10-17 22:52:37
14:05:03,13.08,0.0,3,3924,卖盘,002825,2025-10-17 22:52:37
14:05:15,13.08,0.0,5,6017,卖盘,002825,2025-10-17 22:52:37
14:05:21,13.08,0.0,4,5232,卖盘,002825,2025-10-17 22:52:37
14:05:33,13.08,0.0,1,1308,卖盘,002825,2025-10-17 22:52:37
14:05:45,13.08,0.0,12,15696,卖盘,002825,2025-10-17 22:52:37
14:05:48,13.08,0.0,9,11772,卖盘,002825,2025-10-17 22:52:37
14:05:51,13.08,0.0,16,20915,卖盘,002825,2025-10-17 22:52:37
14:06:00,13.08,0.0,10,13080,卖盘,002825,2025-10-17 22:52:37
14:06:03,13.08,0.0,20,26160,卖盘,002825,2025-10-17 22:52:37
14:06:12,13.08,0.0,1,1308,卖盘,002825,2025-10-17 22:52:37
14:06:15,13.08,0.0,1,1308,卖盘,002825,2025-10-17 22:52:37
14:06:33,13.08,0.0,3,3924,卖盘,002825,2025-10-17 22:52:37
14:07:15,13.08,0.0,5,6540,卖盘,002825,2025-10-17 22:52:37
14:07:24,13.08,0.0,43,56244,卖盘,002825,2025-10-17 22:52:37
14:07:33,13.08,0.0,2,2616,卖盘,002825,2025-10-17 22:52:37
14:08:18,13.08,0.0,1,1308,卖盘,002825,2025-10-17 22:52:37
14:08:42,13.08,0.0,5,6540,卖盘,002825,2025-10-17 22:52:37
14:08:45,13.08,0.0,5,6540,卖盘,002825,2025-10-17 22:52:37
14:08:51,13.08,0.0,1,1308,卖盘,002825,2025-10-17 22:52:37
14:09:12,13.08,0.0,3,3924,卖盘,002825,2025-10-17 22:52:37
14:09:27,13.08,0.0,10,13080,卖盘,002825,2025-10-17 22:52:37
14:09:45,13.08,0.0,23,30084,卖盘,002825,2025-10-17 22:52:37
14:09:48,13.08,0.0,5,6540,卖盘,002825,2025-10-17 22:52:37
14:10:00,13.08,0.0,5,6540,卖盘,002825,2025-10-17 22:52:37
14:10:21,13.08,0.0,5,6540,卖盘,002825,2025-10-17 22:52:37
14:11:00,13.08,0.0,3,3924,卖盘,002825,2025-10-17 22:52:37
14:11:06,13.08,0.0,11,14388,卖盘,002825,2025-10-17 22:52:37
14:11:45,13.08,0.0,1,1308,卖盘,002825,2025-10-17 22:52:37
14:12:57,13.08,0.0,10,13080,卖盘,002825,2025-10-17 22:52:37
14:13:03,13.08,0.0,1,1308,卖盘,002825,2025-10-17 22:52:37
14:13:39,13.08,0.0,1,1308,卖盘,002825,2025-10-17 22:52:37
14:14:21,13.08,0.0,42,55328,卖盘,002825,2025-10-17 22:52:37
14:14:27,13.08,0.0,17,22210,卖盘,002825,2025-10-17 22:52:37
14:14:33,13.08,0.0,20,26160,卖盘,002825,2025-10-17 22:52:37
14:14:51,13.08,0.0,14,18312,卖盘,002825,2025-10-17 22:52:37
14:15:18,13.08,0.0,2,2616,卖盘,002825,2025-10-17 22:52:37
14:15:39,13.08,0.0,10,13080,卖盘,002825,2025-10-17 22:52:37
14:15:48,13.08,0.0,14,18312,卖盘,002825,2025-10-17 22:52:37
14:16:15,13.08,0.0,10,13080,卖盘,002825,2025-10-17 22:52:37
14:17:15,13.08,0.0,8,10464,卖盘,002825,2025-10-17 22:52:37
14:17:42,13.08,0.0,506,661848,卖盘,002825,2025-10-17 22:52:37
14:18:00,13.08,0.0,20,26160,卖盘,002825,2025-10-17 22:52:37
14:18:18,13.08,0.0,33,43164,卖盘,002825,2025-10-17 22:52:37
14:18:45,13.08,0.0,25,32700,卖盘,002825,2025-10-17 22:52:37
14:18:54,13.08,0.0,1,1831,卖盘,002825,2025-10-17 22:52:37
14:19:24,13.08,0.0,29,37932,卖盘,002825,2025-10-17 22:52:37
14:19:30,13.08,0.0,3,3924,卖盘,002825,2025-10-17 22:52:37
14:19:48,13.08,0.0,2,2616,卖盘,002825,2025-10-17 22:52:37
14:19:51,13.08,0.0,5,6540,卖盘,002825,2025-10-17 22:52:37
14:19:57,13.08,0.0,2,2616,卖盘,002825,2025-10-17 22:52:37
14:20:03,13.08,0.0,30,39240,卖盘,002825,2025-10-17 22:52:37
14:20:18,13.08,0.0,6,7691,卖盘,002825,2025-10-17 22:52:37
14:20:24,13.08,0.0,37,48396,卖盘,002825,2025-10-17 22:52:37
14:20:33,13.08,0.0,2,2616,卖盘,002825,2025-10-17 22:52:37
14:20:39,13.08,0.0,10,13080,卖盘,002825,2025-10-17 22:52:37
14:20:42,13.08,0.0,7,9156,卖盘,002825,2025-10-17 22:52:37
14:21:03,13.08,0.0,30,39240,卖盘,002825,2025-10-17 22:52:37
14:21:18,13.08,0.0,4,5232,卖盘,002825,2025-10-17 22:52:37
14:21:24,13.08,0.0,51,66708,卖盘,002825,2025-10-17 22:52:37
14:21:30,13.08,0.0,5,6540,卖盘,002825,2025-10-17 22:52:37
14:21:33,13.08,0.0,30,39240,卖盘,002825,2025-10-17 22:52:37
14:21:42,13.08,0.0,20,26160,卖盘,002825,2025-10-17 22:52:37
14:21:57,13.08,0.0,21,27468,卖盘,002825,2025-10-17 22:52:37
14:22:00,13.08,0.0,10,12818,卖盘,002825,2025-10-17 22:52:37
14:22:39,13.08,0.0,1,1308,卖盘,002825,2025-10-17 22:52:37
14:22:48,13.08,0.0,50,65400,卖盘,002825,2025-10-17 22:52:37
14:23:03,13.08,0.0,10,13080,卖盘,002825,2025-10-17 22:52:37
14:23:09,13.08,0.0,33,43164,卖盘,002825,2025-10-17 22:52:37
14:23:24,13.08,0.0,7,9156,卖盘,002825,2025-10-17 22:52:37
14:23:27,13.08,0.0,11,14388,卖盘,002825,2025-10-17 22:52:37
14:23:36,13.08,0.0,5,6540,卖盘,002825,2025-10-17 22:52:37
14:23:51,13.08,0.0,20,26160,卖盘,002825,2025-10-17 22:52:37
14:23:57,13.08,0.0,1,1308,卖盘,002825,2025-10-17 22:52:37
14:24:12,13.08,0.0,32,41856,卖盘,002825,2025-10-17 22:52:37
14:24:18,13.08,0.0,10,13080,卖盘,002825,2025-10-17 22:52:37
14:24:21,13.08,0.0,1,1308,卖盘,002825,2025-10-17 22:52:37
14:24:30,13.08,0.0,42,54674,卖盘,002825,2025-10-17 22:52:37
14:24:36,13.08,0.0,30,39240,卖盘,002825,2025-10-17 22:52:37
14:25:00,13.08,0.0,3,3924,卖盘,002825,2025-10-17 22:52:37
14:25:42,13.08,0.0,32,41804,卖盘,002825,2025-10-17 22:52:37
14:25:48,13.08,0.0,12,15696,卖盘,002825,2025-10-17 22:52:37
14:25:54,13.08,0.0,1,1308,卖盘,002825,2025-10-17 22:52:37
14:26:03,13.08,0.0,1,1308,卖盘,002825,2025-10-17 22:52:37
14:26:21,13.08,0.0,40,52320,卖盘,002825,2025-10-17 22:52:37
14:26:30,13.08,0.0,5,6540,卖盘,002825,2025-10-17 22:52:37
14:26:33,13.08,0.0,10,13080,卖盘,002825,2025-10-17 22:52:37
14:26:48,13.08,0.0,1,1308,卖盘,002825,2025-10-17 22:52:37
14:27:00,13.08,0.0,30,39240,卖盘,002825,2025-10-17 22:52:37
14:27:21,13.08,0.0,1,1308,卖盘,002825,2025-10-17 22:52:37
14:27:24,13.08,0.0,24,31392,卖盘,002825,2025-10-17 22:52:37
14:27:27,13.08,0.0,20,26160,卖盘,002825,2025-10-17 22:52:37
14:27:30,13.08,0.0,128,167424,卖盘,002825,2025-10-17 22:52:37
14:27:36,13.08,0.0,74,96792,卖盘,002825,2025-10-17 22:52:37
14:27:42,13.08,0.0,10,13080,卖盘,002825,2025-10-17 22:52:37
14:27:45,13.08,0.0,18,23544,卖盘,002825,2025-10-17 22:52:37
14:27:48,13.08,0.0,10,13080,卖盘,002825,2025-10-17 22:52:37
14:27:54,13.08,0.0,1,1308,卖盘,002825,2025-10-17 22:52:37
14:27:57,13.08,0.0,64,83712,卖盘,002825,2025-10-17 22:52:37
14:28:00,13.08,0.0,11,14388,卖盘,002825,2025-10-17 22:52:37
14:28:06,13.08,0.0,70,91560,卖盘,002825,2025-10-17 22:52:37
14:28:09,13.08,0.0,101,132108,卖盘,002825,2025-10-17 22:52:37
14:28:21,13.08,0.0,13,17004,卖盘,002825,2025-10-17 22:52:37
14:28:45,13.08,0.0,6,7848,卖盘,002825,2025-10-17 22:52:37
14:28:48,13.08,0.0,22,28776,卖盘,002825,2025-10-17 22:52:37
14:28:57,13.08,0.0,3,3924,卖盘,002825,2025-10-17 22:52:37
14:29:03,13.08,0.0,41,53628,卖盘,002825,2025-10-17 22:52:37
14:29:09,13.08,0.0,50,65400,卖盘,002825,2025-10-17 22:52:37
14:29:15,13.08,0.0,20,26160,卖盘,002825,2025-10-17 22:52:37
14:29:18,13.08,0.0,5,6540,卖盘,002825,2025-10-17 22:52:37
14:29:21,13.08,0.0,40,52320,卖盘,002825,2025-10-17 22:52:37
14:29:27,13.08,0.0,245,320460,卖盘,002825,2025-10-17 22:52:37
14:29:30,13.08,0.0,5,6540,卖盘,002825,2025-10-17 22:52:37
14:29:33,13.08,0.0,136,177365,卖盘,002825,2025-10-17 22:52:37
14:29:36,13.08,0.0,48,62784,卖盘,002825,2025-10-17 22:52:37
14:29:39,13.08,0.0,21,27468,卖盘,002825,2025-10-17 22:52:37
14:29:45,13.08,0.0,5,6540,卖盘,002825,2025-10-17 22:52:37
14:29:54,13.08,0.0,3,3924,卖盘,002825,2025-10-17 22:52:37
14:30:00,13.08,0.0,1,1308,卖盘,002825,2025-10-17 22:52:37
14:30:12,13.08,0.0,1,1308,卖盘,002825,2025-10-17 22:52:37
14:30:15,13.08,0.0,50,65400,卖盘,002825,2025-10-17 22:52:37
14:30:18,13.08,0.0,3,3924,卖盘,002825,2025-10-17 22:52:37
14:30:24,13.08,0.0,5,6540,卖盘,002825,2025-10-17 22:52:37
14:30:30,13.08,0.0,20,26160,卖盘,002825,2025-10-17 22:52:37
14:30:36,13.08,0.0,1,1308,卖盘,002825,2025-10-17 22:52:37
14:30:39,13.08,0.0,26,34008,卖盘,002825,2025-10-17 22:52:37
14:30:42,13.08,0.0,30,39240,卖盘,002825,2025-10-17 22:52:37
14:31:00,13.08,0.0,35,45780,卖盘,002825,2025-10-17 22:52:37
14:31:03,13.08,0.0,15,19620,卖盘,002825,2025-10-17 22:52:37
14:31:12,13.08,0.0,8,10464,卖盘,002825,2025-10-17 22:52:37
14:31:18,13.08,0.0,40,52320,卖盘,002825,2025-10-17 22:52:37
14:31:21,13.08,0.0,66,86328,卖盘,002825,2025-10-17 22:52:37
14:31:24,13.08,0.0,1,1308,卖盘,002825,2025-10-17 22:52:37
14:31:27,13.08,0.0,20,26160,卖盘,002825,2025-10-17 22:52:37
14:31:33,13.08,0.0,25,32700,卖盘,002825,2025-10-17 22:52:37
14:31:36,13.08,0.0,10,13080,卖盘,002825,2025-10-17 22:52:37
14:31:39,13.08,0.0,10,13080,卖盘,002825,2025-10-17 22:52:37
14:31:42,13.08,0.0,15,19620,卖盘,002825,2025-10-17 22:52:37
14:31:45,13.08,0.0,16,20928,卖盘,002825,2025-10-17 22:52:37
14:31:54,13.08,0.0,511,668388,卖盘,002825,2025-10-17 22:52:37
14:31:57,13.08,0.0,26,34008,卖盘,002825,2025-10-17 22:52:37
14:32:03,13.08,0.0,5,6540,卖盘,002825,2025-10-17 22:52:37
14:32:06,13.08,0.0,2,2616,卖盘,002825,2025-10-17 22:52:37
14:32:09,13.08,0.0,5,6540,卖盘,002825,2025-10-17 22:52:37
14:32:12,13.08,0.0,15,19620,卖盘,002825,2025-10-17 22:52:37
14:32:21,13.08,0.0,3,3662,卖盘,002825,2025-10-17 22:52:37
14:32:39,13.08,0.0,7,9156,卖盘,002825,2025-10-17 22:52:37
14:32:45,13.08,0.0,217,283836,卖盘,002825,2025-10-17 22:52:37
14:33:06,13.08,0.0,7,9156,卖盘,002825,2025-10-17 22:52:37
14:33:15,13.08,0.0,17,22236,卖盘,002825,2025-10-17 22:52:37
14:33:24,13.08,0.0,18,23544,卖盘,002825,2025-10-17 22:52:37
14:33:27,13.08,0.0,7,9156,卖盘,002825,2025-10-17 22:52:37
14:33:30,13.08,0.0,11,14388,卖盘,002825,2025-10-17 22:52:37
14:33:33,13.08,0.0,5,6540,卖盘,002825,2025-10-17 22:52:37
14:33:39,13.08,0.0,1,1308,卖盘,002825,2025-10-17 22:52:37
14:33:42,13.08,0.0,51,66708,卖盘,002825,2025-10-17 22:52:37
14:33:45,13.08,0.0,5,6540,卖盘,002825,2025-10-17 22:52:37
14:34:00,13.08,0.0,14,18312,卖盘,002825,2025-10-17 22:52:37
14:34:39,13.08,0.0,20,26160,卖盘,002825,2025-10-17 22:52:37
14:34:42,13.08,0.0,49,64092,卖盘,002825,2025-10-17 22:52:37
14:34:48,13.08,0.0,7,9156,卖盘,002825,2025-10-17 22:52:37
14:34:51,13.08,0.0,22,28776,卖盘,002825,2025-10-17 22:52:37
14:35:00,13.08,0.0,5,6540,卖盘,002825,2025-10-17 22:52:37
14:35:03,13.08,0.0,25,32700,卖盘,002825,2025-10-17 22:52:37
14:35:06,13.08,0.0,27,35316,卖盘,002825,2025-10-17 22:52:37
14:35:12,13.08,0.0,4,5232,卖盘,002825,2025-10-17 22:52:37
14:35:15,13.08,0.0,10,13080,卖盘,002825,2025-10-17 22:52:37
14:35:21,13.08,0.0,10,13080,卖盘,002825,2025-10-17 22:52:37
14:35:30,13.08,0.0,20,26160,卖盘,002825,2025-10-17 22:52:37
14:35:36,13.08,0.0,6,7848,卖盘,002825,2025-10-17 22:52:37
14:35:39,13.08,0.0,15,19620,卖盘,002825,2025-10-17 22:52:37
14:35:42,13.08,0.0,22,28776,卖盘,002825,2025-10-17 22:52:37
14:35:45,13.08,0.0,50,65400,卖盘,002825,2025-10-17 22:52:37
14:35:51,13.08,0.0,6,7848,卖盘,002825,2025-10-17 22:52:37
14:35:54,13.08,0.0,5,6540,卖盘,002825,2025-10-17 22:52:37
14:36:03,13.08,0.0,53,69324,卖盘,002825,2025-10-17 22:52:37
14:36:09,13.08,0.0,5,6540,卖盘,002825,2025-10-17 22:52:37
14:36:15,13.08,0.0,10,13080,卖盘,002825,2025-10-17 22:52:37
14:36:18,13.08,0.0,10,13080,卖盘,002825,2025-10-17 22:52:37
14:36:24,13.08,0.0,5,6540,卖盘,002825,2025-10-17 22:52:37
14:36:27,13.08,0.0,70,91560,卖盘,002825,2025-10-17 22:52:37
14:36:30,13.08,0.0,130,170040,卖盘,002825,2025-10-17 22:52:37
14:36:33,13.08,0.0,20,26160,卖盘,002825,2025-10-17 22:52:37
14:36:36,13.08,0.0,1138,1488504,卖盘,002825,2025-10-17 22:52:37
14:36:39,13.08,0.0,1,1308,卖盘,002825,2025-10-17 22:52:37
14:36:48,13.08,0.0,60,78480,卖盘,002825,2025-10-17 22:52:37
14:36:51,13.08,0.0,55,71940,卖盘,002825,2025-10-17 22:52:37
14:36:57,13.08,0.0,51,66708,卖盘,002825,2025-10-17 22:52:37
14:37:00,13.08,0.0,58,75864,卖盘,002825,2025-10-17 22:52:37
14:37:18,13.08,0.0,5,6540,卖盘,002825,2025-10-17 22:52:37
14:37:36,13.08,0.0,156,204048,卖盘,002825,2025-10-17 22:52:37
14:37:51,13.08,0.0,14,18312,卖盘,002825,2025-10-17 22:52:37
14:37:54,13.08,0.0,21,27468,卖盘,002825,2025-10-17 22:52:37
14:37:57,13.08,0.0,29,37932,卖盘,002825,2025-10-17 22:52:37
14:38:00,13.08,0.0,6,7848,卖盘,002825,2025-10-17 22:52:37
14:38:03,13.08,0.0,25,32949,卖盘,002825,2025-10-17 22:52:37
14:38:06,13.08,0.0,10,13080,卖盘,002825,2025-10-17 22:52:37
14:38:09,13.08,0.0,2,2616,卖盘,002825,2025-10-17 22:52:37
14:38:18,13.08,0.0,21,27468,卖盘,002825,2025-10-17 22:52:37
14:38:36,13.08,0.0,37,48396,卖盘,002825,2025-10-17 22:52:37
14:38:39,13.08,0.0,33,43164,卖盘,002825,2025-10-17 22:52:37
14:38:51,13.08,0.0,10,13080,卖盘,002825,2025-10-17 22:52:37
14:38:54,13.08,0.0,40,52320,卖盘,002825,2025-10-17 22:52:37
14:38:57,13.08,0.0,2,2616,卖盘,002825,2025-10-17 22:52:37
14:39:06,13.08,0.0,5,6540,卖盘,002825,2025-10-17 22:52:37
14:39:09,13.08,0.0,50,65400,卖盘,002825,2025-10-17 22:52:37
14:39:15,13.08,0.0,50,65400,卖盘,002825,2025-10-17 22:52:37
14:39:18,13.08,0.0,5,6540,卖盘,002825,2025-10-17 22:52:37
14:39:30,13.08,0.0,2,2616,卖盘,002825,2025-10-17 22:52:37
14:39:45,13.08,0.0,5,6540,卖盘,002825,2025-10-17 22:52:37
14:39:54,13.08,0.0,45,58860,卖盘,002825,2025-10-17 22:52:37
14:39:57,13.08,0.0,12,15696,卖盘,002825,2025-10-17 22:52:37
14:40:00,13.08,0.0,4,5232,卖盘,002825,2025-10-17 22:52:37
14:40:06,13.08,0.0,27,35316,卖盘,002825,2025-10-17 22:52:37
14:40:21,13.08,0.0,9,11772,卖盘,002825,2025-10-17 22:52:37
14:40:39,13.08,0.0,50,65400,卖盘,002825,2025-10-17 22:52:37
14:40:45,13.08,0.0,10,13080,卖盘,002825,2025-10-17 22:52:37
14:40:48,13.08,0.0,20,26160,卖盘,002825,2025-10-17 22:52:37
14:40:57,13.08,0.0,50,65400,卖盘,002825,2025-10-17 22:52:37
14:41:06,13.08,0.0,12,15696,卖盘,002825,2025-10-17 22:52:37
14:41:09,13.08,0.0,20,26160,卖盘,002825,2025-10-17 22:52:37
14:41:12,13.08,0.0,30,39240,卖盘,002825,2025-10-17 22:52:37
14:41:24,13.08,0.0,17,22236,卖盘,002825,2025-10-17 22:52:37
14:41:27,13.08,0.0,24,31026,卖盘,002825,2025-10-17 22:52:37
14:41:51,13.08,0.0,10,13080,卖盘,002825,2025-10-17 22:52:37
14:42:03,13.08,0.0,20,26160,卖盘,002825,2025-10-17 22:52:37
14:42:06,13.08,0.0,15,19620,卖盘,002825,2025-10-17 22:52:37
14:42:18,13.08,0.0,3,3911,卖盘,002825,2025-10-17 22:52:37
14:42:30,13.08,0.0,8,10464,卖盘,002825,2025-10-17 22:52:37
14:42:54,13.08,0.0,40,52320,卖盘,002825,2025-10-17 22:52:37
14:43:06,13.08,0.0,10,13080,卖盘,002825,2025-10-17 22:52:37
14:43:12,13.08,0.0,10,13080,卖盘,002825,2025-10-17 22:52:37
14:43:18,13.08,0.0,5,6540,卖盘,002825,2025-10-17 22:52:37
14:43:42,13.08,0.0,10,13080,卖盘,002825,2025-10-17 22:52:37
14:43:51,13.08,0.0,3,3924,卖盘,002825,2025-10-17 22:52:37
14:43:54,13.08,0.0,4,5729,卖盘,002825,2025-10-17 22:52:37
14:44:12,13.08,0.0,66,86328,卖盘,002825,2025-10-17 22:52:37
14:44:21,13.08,0.0,15,19620,卖盘,002825,2025-10-17 22:52:37
14:44:24,13.08,0.0,50,65400,卖盘,002825,2025-10-17 22:52:37
14:44:30,13.08,0.0,1,1308,卖盘,002825,2025-10-17 22:52:37
14:44:42,13.08,0.0,2,2616,卖盘,002825,2025-10-17 22:52:37
14:44:54,13.08,0.0,1,1308,卖盘,002825,2025-10-17 22:52:37
14:45:00,13.08,0.0,10,13080,卖盘,002825,2025-10-17 22:52:37
14:45:03,13.08,0.0,32,41856,卖盘,002825,2025-10-17 22:52:37
14:45:06,13.08,0.0,6,7848,卖盘,002825,2025-10-17 22:52:37
14:45:09,13.08,0.0,20,26160,卖盘,002825,2025-10-17 22:52:37
14:45:15,13.08,0.0,1,1308,卖盘,002825,2025-10-17 22:52:37
14:45:27,13.08,0.0,50,65400,卖盘,002825,2025-10-17 22:52:37
14:45:33,13.08,0.0,5,6540,卖盘,002825,2025-10-17 22:52:37
14:45:39,13.08,0.0,3,3924,卖盘,002825,2025-10-17 22:52:37
14:45:57,13.08,0.0,1,1308,卖盘,002825,2025-10-17 22:52:37
14:46:00,13.08,0.0,10,13080,卖盘,002825,2025-10-17 22:52:37
14:46:12,13.08,0.0,1,1308,卖盘,002825,2025-10-17 22:52:37
14:46:30,13.08,0.0,20,26160,卖盘,002825,2025-10-17 22:52:37
14:46:36,13.08,0.0,5,6540,卖盘,002825,2025-10-17 22:52:37
14:46:51,13.08,0.0,3,3924,卖盘,002825,2025-10-17 22:52:37
14:47:27,13.08,0.0,29,38442,卖盘,002825,2025-10-17 22:52:37
14:47:30,13.08,0.0,100,130800,卖盘,002825,2025-10-17 22:52:37
14:47:33,13.08,0.0,40,52320,卖盘,002825,2025-10-17 22:52:37
14:47:39,13.08,0.0,45,58860,卖盘,002825,2025-10-17 22:52:37
14:47:42,13.08,0.0,20,26160,卖盘,002825,2025-10-17 22:52:37
14:47:45,13.08,0.0,38,49704,卖盘,002825,2025-10-17 22:52:37
14:47:51,13.08,0.0,10,13080,卖盘,002825,2025-10-17 22:52:37
14:48:09,13.08,0.0,3,3924,卖盘,002825,2025-10-17 22:52:37
14:48:15,13.08,0.0,8,10464,卖盘,002825,2025-10-17 22:52:37
14:48:18,13.08,0.0,1,1308,卖盘,002825,2025-10-17 22:52:37
14:48:21,13.08,0.0,62,81096,卖盘,002825,2025-10-17 22:52:37
14:48:27,13.08,0.0,20,26160,卖盘,002825,2025-10-17 22:52:37
14:48:30,13.08,0.0,20,26160,卖盘,002825,2025-10-17 22:52:37
14:48:36,13.08,0.0,15,19620,卖盘,002825,2025-10-17 22:52:37
14:48:39,13.08,0.0,10,13080,卖盘,002825,2025-10-17 22:52:37
14:48:42,13.08,0.0,10,13080,卖盘,002825,2025-10-17 22:52:37
14:48:57,13.08,0.0,50,65400,卖盘,002825,2025-10-17 22:52:37
14:49:06,13.08,0.0,24,31392,卖盘,002825,2025-10-17 22:52:37
14:49:18,13.08,0.0,20,26160,卖盘,002825,2025-10-17 22:52:37
14:49:21,13.08,0.0,3,3924,卖盘,002825,2025-10-17 22:52:37
14:49:33,13.08,0.0,5,6540,卖盘,002825,2025-10-17 22:52:37
14:49:45,13.08,0.0,13,17004,卖盘,002825,2025-10-17 22:52:37
14:49:48,13.08,0.0,5,6540,卖盘,002825,2025-10-17 22:52:37
14:49:51,13.08,0.0,10,13080,卖盘,002825,2025-10-17 22:52:37
14:49:57,13.08,0.0,11,14388,卖盘,002825,2025-10-17 22:52:37
14:50:03,13.08,0.0,10,13080,卖盘,002825,2025-10-17 22:52:37
14:50:09,13.08,0.0,5,6540,卖盘,002825,2025-10-17 22:52:37
14:50:36,13.08,0.0,5,6540,卖盘,002825,2025-10-17 22:52:37
14:50:48,13.08,0.0,30,39240,卖盘,002825,2025-10-17 22:52:37
14:50:51,13.08,0.0,6,8005,卖盘,002825,2025-10-17 22:52:37
14:50:54,13.08,0.0,166,217128,卖盘,002825,2025-10-17 22:52:37
14:51:12,13.08,0.0,149,194892,卖盘,002825,2025-10-17 22:52:37
14:51:15,13.08,0.0,60,78480,卖盘,002825,2025-10-17 22:52:37
14:51:18,13.08,0.0,30,39240,卖盘,002825,2025-10-17 22:52:37
14:51:27,13.08,0.0,2666,3487128,卖盘,002825,2025-10-17 22:52:37
14:51:30,13.08,0.0,220,287760,卖盘,002825,2025-10-17 22:52:37
14:51:33,13.08,0.0,3389,4432380,卖盘,002825,2025-10-17 22:52:37
14:51:36,13.08,0.0,271,354468,卖盘,002825,2025-10-17 22:52:37
14:51:39,13.08,0.0,469,613452,卖盘,002825,2025-10-17 22:52:37
14:51:42,13.08,0.0,35,45780,卖盘,002825,2025-10-17 22:52:37
14:51:45,13.08,0.0,29,37932,卖盘,002825,2025-10-17 22:52:37
14:51:48,13.08,0.0,5,6540,卖盘,002825,2025-10-17 22:52:37
14:51:51,13.08,0.0,32,41856,卖盘,002825,2025-10-17 22:52:37
14:51:54,13.08,0.0,20,26160,卖盘,002825,2025-10-17 22:52:37
14:51:57,13.08,0.0,30,39240,卖盘,002825,2025-10-17 22:52:37
14:52:00,13.08,0.0,4,5232,卖盘,002825,2025-10-17 22:52:37
14:52:03,13.08,0.0,171,223668,卖盘,002825,2025-10-17 22:52:37
14:52:06,13.08,0.0,870,1137345,卖盘,002825,2025-10-17 22:52:37
14:52:09,13.08,0.0,50,65400,卖盘,002825,2025-10-17 22:52:37
14:52:12,13.08,0.0,41,53628,卖盘,002825,2025-10-17 22:52:37
14:52:15,13.08,0.0,56,73248,卖盘,002825,2025-10-17 22:52:37
14:52:18,13.08,0.0,69,89899,卖盘,002825,2025-10-17 22:52:37
14:52:21,13.08,0.0,162,211896,卖盘,002825,2025-10-17 22:52:37
14:52:24,13.08,0.0,1376,1799808,卖盘,002825,2025-10-17 22:52:37
14:52:27,13.08,0.0,20,26160,卖盘,002825,2025-10-17 22:52:37
14:52:30,13.08,0.0,131,171348,卖盘,002825,2025-10-17 22:52:37
14:52:33,13.08,0.0,130,170040,卖盘,002825,2025-10-17 22:52:37
14:52:36,13.08,0.0,61,79788,卖盘,002825,2025-10-17 22:52:37
14:52:39,13.08,0.0,44,57552,卖盘,002825,2025-10-17 22:52:37
14:52:42,13.08,0.0,229,299532,卖盘,002825,2025-10-17 22:52:37
14:52:45,13.08,0.0,28,36624,卖盘,002825,2025-10-17 22:52:37
14:52:48,13.08,0.0,7,9156,卖盘,002825,2025-10-17 22:52:37
14:52:51,13.08,0.0,112,146496,卖盘,002825,2025-10-17 22:52:37
14:52:54,13.08,0.0,24,31392,卖盘,002825,2025-10-17 22:52:37
14:52:57,13.08,0.0,35,45780,卖盘,002825,2025-10-17 22:52:37
14:53:00,13.08,0.0,324,423792,卖盘,002825,2025-10-17 22:52:37
14:53:03,13.08,0.0,41,53628,卖盘,002825,2025-10-17 22:52:37
14:53:06,13.08,0.0,35,45780,卖盘,002825,2025-10-17 22:52:37
14:53:12,13.08,0.0,232,303456,卖盘,002825,2025-10-17 22:52:37
14:53:15,13.08,0.0,65,85020,卖盘,002825,2025-10-17 22:52:37
14:53:18,13.08,0.0,95,124260,卖盘,002825,2025-10-17 22:52:37
14:53:21,13.08,0.0,34,44472,卖盘,002825,2025-10-17 22:52:37
14:53:24,13.08,0.0,16,20928,卖盘,002825,2025-10-17 22:52:37
14:53:27,13.08,0.0,25,32700,卖盘,002825,2025-10-17 22:52:37
14:53:30,13.08,0.0,99,129492,卖盘,002825,2025-10-17 22:52:37
14:53:33,13.08,0.0,81,105948,卖盘,002825,2025-10-17 22:52:37
14:53:36,13.08,0.0,149,194892,卖盘,002825,2025-10-17 22:52:37
14:53:39,13.08,0.0,4,5232,卖盘,002825,2025-10-17 22:52:37
14:53:45,13.08,0.0,15,19620,卖盘,002825,2025-10-17 22:52:37
14:53:51,13.08,0.0,74,96792,卖盘,002825,2025-10-17 22:52:37
14:53:54,13.08,0.0,14,18312,卖盘,002825,2025-10-17 22:52:37
14:53:57,13.08,0.0,20,26160,卖盘,002825,2025-10-17 22:52:37
14:54:00,13.08,0.0,1,1308,卖盘,002825,2025-10-17 22:52:37
14:54:03,13.08,0.0,39,51012,卖盘,002825,2025-10-17 22:52:37
14:54:06,13.08,0.0,20,26160,卖盘,002825,2025-10-17 22:52:37
14:54:09,13.08,0.0,48,62784,卖盘,002825,2025-10-17 22:52:37
14:54:12,13.08,0.0,185,241980,卖盘,002825,2025-10-17 22:52:37
14:54:15,13.08,0.0,22,28776,卖盘,002825,2025-10-17 22:52:37
14:54:18,13.08,0.0,9,11772,卖盘,002825,2025-10-17 22:52:37
14:54:21,13.08,0.0,14,18312,卖盘,002825,2025-10-17 22:52:37
14:54:27,13.08,0.0,358,468264,卖盘,002825,2025-10-17 22:52:37
14:54:30,13.08,0.0,32,41856,卖盘,002825,2025-10-17 22:52:37
14:54:33,13.08,0.0,6,7848,卖盘,002825,2025-10-17 22:52:37
14:54:36,13.08,0.0,100,130800,卖盘,002825,2025-10-17 22:52:37
14:54:39,13.08,0.0,208,271724,卖盘,002825,2025-10-17 22:52:37
14:54:42,13.08,0.0,54,70632,卖盘,002825,2025-10-17 22:52:37
14:54:48,13.08,0.0,58,75864,卖盘,002825,2025-10-17 22:52:37
14:54:51,13.08,0.0,69,90252,卖盘,002825,2025-10-17 22:52:37
14:54:54,13.08,0.0,58,75864,卖盘,002825,2025-10-17 22:52:37
14:54:57,13.08,0.0,72,94176,卖盘,002825,2025-10-17 22:52:37
14:55:00,13.08,0.0,58,75864,卖盘,002825,2025-10-17 22:52:37
14:55:03,13.08,0.0,106,138648,卖盘,002825,2025-10-17 22:52:37
14:55:06,13.08,0.0,4,5232,卖盘,002825,2025-10-17 22:52:37
14:55:09,13.08,0.0,66,86328,卖盘,002825,2025-10-17 22:52:37
14:55:12,13.08,0.0,47,61476,卖盘,002825,2025-10-17 22:52:37
14:55:15,13.08,0.0,124,162192,卖盘,002825,2025-10-17 22:52:37
14:55:18,13.08,0.0,44,57552,卖盘,002825,2025-10-17 22:52:37
14:55:21,13.08,0.0,46,60168,卖盘,002825,2025-10-17 22:52:37
14:55:24,13.08,0.0,29,37932,卖盘,002825,2025-10-17 22:52:37
14:55:27,13.08,0.0,417,545436,卖盘,002825,2025-10-17 22:52:37
14:55:30,13.08,0.0,3,3924,卖盘,002825,2025-10-17 22:52:37
14:55:33,13.08,0.0,83,108564,卖盘,002825,2025-10-17 22:52:37
14:55:42,13.08,0.0,100,130800,卖盘,002825,2025-10-17 22:52:37
14:55:45,13.08,0.0,333,435564,卖盘,002825,2025-10-17 22:52:37
14:55:48,13.08,0.0,94,122952,卖盘,002825,2025-10-17 22:52:37
14:55:51,13.08,0.0,117,153010,卖盘,002825,2025-10-17 22:52:37
14:55:54,13.08,0.0,92,120336,卖盘,002825,2025-10-17 22:52:37
14:55:57,13.08,0.0,62,81096,卖盘,002825,2025-10-17 22:52:37
14:56:00,13.08,0.0,38,49704,卖盘,002825,2025-10-17 22:52:37
14:56:03,13.08,0.0,39,51012,卖盘,002825,2025-10-17 22:52:37
14:56:09,13.08,0.0,15,19620,卖盘,002825,2025-10-17 22:52:37
14:56:12,13.08,0.0,6,7848,卖盘,002825,2025-10-17 22:52:37
14:56:15,13.08,0.0,4,5232,卖盘,002825,2025-10-17 22:52:37
14:56:21,13.08,0.0,66,86328,卖盘,002825,2025-10-17 22:52:37
14:56:24,13.08,0.0,4,5232,卖盘,002825,2025-10-17 22:52:37
14:56:27,13.08,0.0,113,147804,卖盘,002825,2025-10-17 22:52:37
14:56:30,13.08,0.0,25,32700,卖盘,002825,2025-10-17 22:52:37
14:56:33,13.08,0.0,7,9143,卖盘,002825,2025-10-17 22:52:37
14:56:42,13.08,0.0,48,62784,卖盘,002825,2025-10-17 22:52:37
14:56:45,13.08,0.0,25,32700,卖盘,002825,2025-10-17 22:52:37
14:56:48,13.08,0.0,36,47088,卖盘,002825,2025-10-17 22:52:37
14:56:51,13.08,0.0,7,9156,卖盘,002825,2025-10-17 22:52:37
14:56:54,13.08,0.0,5,6540,卖盘,002825,2025-10-17 22:52:37
14:57:00,13.08,0.0,20,26160,卖盘,002825,2025-10-17 22:52:37
15:00:00,13.08,0.0,1571,2055444,卖盘,002825,2025-10-17 22:52:37
